time,open,high,low,close,tick_volume,spread,real_volume
2020-01-02,1517.99,1531.33,1517.23,1528.77,149942,0,0
2020-01-03,1526.63,1553.51,1526.63,1551.44,222189,0,0
2020-01-06,1559.72,1587.86,1559.66,1565.63,258234,0,0
2020-01-07,1564.58,1577.32,1555.23,1573.24,225940,0,0
2020-01-08,1576.31,1611.35,1552.22,1556.36,324560,0,0
2020-01-09,1556.67,1561.31,1540.2,1552.08,215216,0,0
2020-01-10,1552.38,1563.13,1545.7,1561.76,187600,0,0
2020-01-13,1561.83,1561.83,1546.51,1548.34,170657,0,0
2020-01-14,1548.08,1548.9,1535.94,1546.25,203836,0,0
2020-01-15,1546.21,1558.17,1545.92,1556.22,185588,0,0
2020-01-16,1556.26,1558.08,1547.98,1552.46,159523,0,0
2020-01-17,1552.37,1561.21,1549.33,1556.83,159222,0,0
2020-01-20,1557.76,1562.76,1556.31,1560.5,87304,0,0
2020-01-21,1560.81,1568.59,1546.3,1557.91,205465,0,0
2020-01-22,1558.54,1559.22,1550.15,1558.6,169185,0,0
2020-01-23,1558.53,1567.91,1551.85,1562.8,191812,0,0
2020-01-24,1562.4,1575.95,1556.49,1570.9,176367,0,0
2020-01-27,1580.93,1588.54,1575.85,1581.88,231156,0,0
2020-01-28,1581.17,1583.03,1565.44,1567.78,187791,0,0
2020-01-29,1566.81,1578.0,1563.35,1577.11,159846,0,0
2020-01-30,1576.86,1585.99,1572.22,1573.85,219091,0,0
2020-01-31,1573.43,1590.48,1570.87,1588.83,216354,0,0
2020-02-03,1593.68,1593.76,1569.28,1576.3,216340,0,0
2020-02-04,1577.07,1579.61,1548.97,1552.74,201603,0,0
2020-02-05,1552.76,1562.41,1547.38,1556.41,216563,0,0
2020-02-06,1556.02,1568.24,1552.46,1566.46,191902,0,0
2020-02-07,1566.53,1574.05,1560.08,1570.0,223663,0,0
2020-02-10,1571.65,1577.01,1567.96,1571.87,191509,0,0
2020-02-11,1571.53,1574.05,1561.92,1567.63,188784,0,0
2020-02-12,1567.71,1570.46,1561.92,1565.73,175844,0,0
2020-02-13,1566.08,1578.33,1565.5,1575.98,204826,0,0
2020-02-14,1575.91,1585.01,1573.02,1583.69,162172,0,0
2020-02-17,1582.22,1583.78,1578.85,1580.86,82934,0,0
2020-02-18,1584.35,1605.09,1582.41,1601.35,189043,0,0
2020-02-19,1601.45,1612.91,1599.49,1611.34,200103,0,0
2020-02-20,1611.53,1623.73,1603.84,1619.26,249148,0,0
2020-02-21,1619.89,1649.23,1618.92,1643.73,266123,0,0
2020-02-24,1649.04,1689.27,1649.04,1658.5,338708,0,0
2020-02-25,1659.04,1663.84,1624.98,1635.26,368127,0,0
2020-02-26,1635.01,1654.95,1624.73,1640.5,343467,0,0
2020-02-27,1640.73,1660.37,1635.19,1644.23,350301,0,0
2020-02-28,1643.39,1649.46,1562.89,1584.7,377584,0,0
2020-03-02,1591.5,1611.01,1575.31,1589.75,368857,0,0
2020-03-03,1584.89,1649.29,1584.79,1639.48,308677,0,0
2020-03-04,1640.3,1653.13,1631.81,1635.73,273703,0,0
2020-03-05,1637.29,1674.57,1634.97,1671.58,279045,0,0
2020-03-06,1672.47,1692.09,1641.97,1674.06,348132,0,0
2020-03-09,1697.86,1703.44,1657.41,1678.15,309282,0,0
2020-03-10,1671.38,1671.42,1641.49,1649.37,315369,0,0
2020-03-11,1652.99,1671.24,1632.94,1636.63,289430,0,0
2020-03-12,1638.43,1650.12,1560.59,1578.63,324866,0,0
2020-03-13,1577.1,1597.91,1504.62,1529.78,357671,0,0
2020-03-16,1546.46,1563.05,1451.13,1509.09,383496,0,0
2020-03-17,1508.76,1553.92,1465.42,1527.8,355639,0,0
2020-03-18,1533.67,1543.37,1472.61,1484.63,336197,0,0
2020-03-19,1484.73,1500.79,1461.89,1474.34,267820,0,0
2020-03-20,1467.44,1515.93,1465.83,1498.64,230139,0,0
2020-03-23,1500.39,1561.22,1482.92,1552.39,233027,0,0
2020-03-24,1554.32,1632.81,1552.94,1625.33,164378,0,0
2020-03-25,1623.71,1638.85,1594.9,1616.35,137631,0,0
2020-03-26,1614.42,1644.53,1595.26,1628.93,118883,0,0
2020-03-27,1629.44,1635.25,1613.71,1622.55,127997,0,0
2020-03-30,1627.95,1632.88,1610.39,1620.31,128074,0,0
2020-03-31,1622.0,1623.42,1574.19,1576.78,155577,0,0
2020-04-01,1575.32,1599.96,1568.19,1591.26,142738,0,0
2020-04-02,1588.37,1620.17,1582.65,1611.66,220523,0,0
2020-04-03,1612.98,1626.04,1605.84,1615.7,215415,0,0
2020-04-06,1616.1,1669.88,1608.35,1658.19,251681,0,0
2020-04-07,1660.95,1674.02,1642.16,1647.94,288494,0,0
2020-04-08,1638.23,1656.87,1638.23,1645.4,213415,0,0
2020-04-09,1642.38,1690.43,1642.38,1683.56,294213,0,0
2020-04-13,1686.99,1723.27,1673.81,1711.98,246150,0,0
2020-04-14,1709.12,1747.7,1708.56,1726.54,370498,0,0
2020-04-15,1727.66,1731.17,1707.52,1716.5,307525,0,0
2020-04-16,1717.08,1738.73,1707.76,1718.38,370152,0,0
2020-04-17,1714.08,1719.11,1679.46,1682.14,383497,0,0
2020-04-20,1680.44,1702.7,1671.52,1695.28,379250,0,0
2020-04-21,1692.22,1697.86,1659.42,1683.54,390887,0,0
2020-04-22,1686.22,1718.74,1680.29,1714.87,319269,0,0
2020-04-23,1712.35,1738.78,1707.0,1730.31,401622,0,0
2020-04-24,1730.52,1736.35,1710.36,1726.41,362928,0,0
2020-04-27,1725.82,1727.59,1705.87,1714.94,383598,0,0
2020-04-28,1710.29,1716.5,1691.54,1707.65,435718,0,0
2020-04-29,1708.42,1717.67,1697.76,1712.89,387746,0,0
2020-04-30,1711.97,1721.73,1681.24,1685.98,393630,0,0
2020-05-01,1681.64,1705.56,1670.39,1699.6,481296,0,0
2020-05-04,1700.34,1714.16,1691.61,1701.0,275224,0,0
2020-05-05,1699.78,1712.04,1689.63,1704.71,280619,0,0
2020-05-06,1705.53,1708.17,1681.14,1685.19,283880,0,0
2020-05-07,1678.77,1722.01,1678.77,1715.25,312592,0,0
2020-05-08,1714.85,1723.6,1700.68,1702.09,350056,0,0
2020-05-11,1701.87,1712.15,1691.53,1697.64,343653,0,0
2020-05-12,1696.11,1710.97,1693.61,1702.26,317127,0,0
2020-05-13,1700.49,1718.08,1698.93,1715.3,406285,0,0
2020-05-14,1716.14,1736.44,1710.84,1730.06,371220,0,0
2020-05-15,1728.78,1751.68,1728.52,1741.85,401596,0,0
2020-05-18,1744.21,1765.08,1727.5,1732.2,810148,0,0
2020-05-19,1730.57,1748.03,1725.6,1744.24,851635,0,0
2020-05-20,1744.59,1753.93,1742.3,1747.21,693869,0,0
2020-05-21,1747.14,1748.79,1717.09,1726.76,720201,0,0
2020-05-22,1725.83,1740.13,1724.25,1735.45,549089,0,0
2020-05-25,1731.71,1734.82,1721.46,1728.22,249590,0,0
2020-05-26,1727.13,1735.47,1708.64,1710.31,631266,0,0
2020-05-27,1708.98,1716.0,1693.62,1709.57,629513,0,0
2020-05-28,1710.5,1727.65,1704.31,1718.68,612343,0,0
2020-05-29,1716.24,1737.69,1712.75,1730.41,525407,0,0
2020-06-01,1736.03,1744.59,1726.83,1739.48,506084,0,0
2020-06-02,1739.02,1745.16,1721.3,1727.45,507639,0,0
2020-06-03,1724.71,1732.06,1689.21,1698.26,579464,0,0
2020-06-04,1698.38,1721.83,1696.99,1712.8,536136,0,0
2020-06-05,1713.43,1716.21,1670.55,1684.3,630678,0,0
2020-06-08,1682.7,1701.14,1677.22,1698.39,539169,0,0
2020-06-09,1697.3,1720.86,1692.04,1714.16,539237,0,0
2020-06-10,1713.36,1739.89,1707.66,1737.83,445650,0,0
2020-06-11,1737.48,1744.76,1721.27,1728.56,578417,0,0
2020-06-12,1727.38,1743.03,1722.11,1730.57,372707,0,0
2020-06-15,1733.57,1735.31,1704.11,1725.24,384803,0,0
2020-06-16,1724.92,1732.84,1716.41,1726.41,357824,0,0
2020-06-17,1725.78,1730.29,1712.6,1726.19,274706,0,0
2020-06-18,1725.55,1737.77,1717.3,1722.48,289197,0,0
2020-06-19,1718.16,1745.28,1718.16,1742.26,263899,0,0
2020-06-22,1750.31,1763.2,1742.74,1754.55,321501,0,0
2020-06-23,1753.63,1771.07,1747.29,1766.95,318725,0,0
2020-06-24,1767.75,1779.43,1760.43,1761.28,338195,0,0
2020-06-25,1760.55,1768.87,1753.26,1763.63,285431,0,0
2020-06-26,1754.16,1772.03,1747.41,1769.57,278947,0,0
2020-06-29,1775.1,1775.67,1765.61,1772.6,265925,0,0
2020-06-30,1771.68,1786.06,1764.69,1780.54,264846,0,0
2020-07-01,1781.02,1789.13,1759.15,1769.84,309426,0,0
2020-07-02,1769.09,1779.54,1757.43,1774.97,270792,0,0
2020-07-03,1775.6,1777.1,1772.61,1774.9,121640,0,0
2020-07-06,1774.64,1787.0,1769.86,1784.25,244916,0,0
2020-07-07,1783.21,1797.35,1773.47,1794.6,271082,0,0
2020-07-08,1794.95,1818.11,1791.46,1808.45,265206,0,0
2020-07-09,1808.58,1815.93,1795.42,1802.32,297809,0,0
2020-07-10,1800.9,1810.78,1793.98,1798.57,255071,0,0
2020-07-13,1798.88,1813.4,1797.66,1802.27,284611,0,0
2020-07-14,1802.75,1810.86,1790.58,1808.99,310952,0,0
2020-07-15,1807.93,1815.05,1802.44,1809.97,254650,0,0
2020-07-16,1810.05,1813.29,1794.9,1796.84,234693,0,0
2020-07-17,1796.64,1812.01,1795.75,1809.68,195914,0,0
2020-07-20,1810.02,1820.55,1805.62,1817.21,255776,0,0
2020-07-21,1817.67,1843.47,1815.59,1841.48,317944,0,0
2020-07-22,1839.68,1872.02,1839.59,1871.22,475159,0,0
2020-07-23,1872.13,1898.36,1863.64,1885.97,493872,0,0
2020-07-24,1886.41,1906.56,1881.29,1901.63,377291,0,0
2020-07-27,1902.42,1945.62,1899.6,1940.96,505869,0,0
2020-07-28,1941.62,1981.16,1906.63,1957.98,564610,0,0
2020-07-29,1955.33,1980.85,1941.33,1970.82,400076,0,0
2020-07-30,1970.23,1971.56,1939.44,1957.54,427131,0,0
2020-07-31,1955.79,1983.98,1955.03,1975.02,433844,0,0
2020-08-03,1978.43,1989.14,1960.39,1975.98,323246,0,0
2020-08-04,1976.32,2019.93,1966.47,2018.53,303643,0,0
2020-08-05,2018.47,2055.73,2009.39,2038.96,412335,0,0
2020-08-06,2038.32,2069.74,2034.44,2063.25,373223,0,0
2020-08-07,2063.97,2074.97,2015.37,2033.15,473312,0,0
2020-08-10,2033.56,2049.87,2019.15,2027.61,352770,0,0
2020-08-11,2027.29,2030.0,1901.25,1912.57,523346,0,0
2020-08-12,1911.4,1949.48,1862.46,1918.98,511271,0,0
2020-08-13,1914.1,1966.29,1912.66,1953.64,418520,0,0
2020-08-14,1952.66,1962.37,1932.07,1943.57,364403,0,0
2020-08-17,1949.43,1990.68,1929.38,1984.43,363283,0,0
2020-08-18,1984.5,2015.61,1975.86,2002.22,398577,0,0
2020-08-19,2002.04,2006.53,1924.51,1927.66,449251,0,0
2020-08-20,1928.29,1955.32,1924.54,1946.17,443479,0,0
2020-08-21,1946.67,1955.97,1911.26,1938.98,407669,0,0
2020-08-24,1940.19,1961.88,1923.74,1928.38,350155,0,0
2020-08-25,1928.78,1937.49,1914.19,1926.87,352084,0,0
2020-08-26,1930.45,1954.82,1902.64,1953.14,362901,0,0
2020-08-27,1955.0,1976.72,1909.79,1928.32,415318,0,0
2020-08-28,1929.68,1973.81,1923.14,1964.34,400554,0,0
2020-08-31,1964.99,1976.62,1954.23,1968.22,319691,0,0
2020-09-01,1967.17,1992.4,1963.21,1970.63,337392,0,0
2020-09-02,1969.36,1973.26,1932.39,1943.08,352014,0,0
2020-09-03,1942.43,1951.1,1921.75,1930.45,362931,0,0
2020-09-04,1930.97,1948.36,1916.27,1933.09,343462,0,0
2020-09-07,1930.2,1941.37,1924.44,1928.29,162443,0,0
2020-09-08,1929.44,1940.86,1906.5,1931.51,347476,0,0
2020-09-09,1932.03,1950.85,1919.95,1947.37,276885,0,0
2020-09-10,1946.51,1966.53,1941.35,1946.01,317875,0,0
2020-09-11,1944.86,1954.8,1937.12,1940.48,300309,0,0
2020-09-14,1940.41,1962.56,1937.14,1956.52,253224,0,0
2020-09-15,1956.8,1972.21,1948.29,1953.34,275085,0,0
2020-09-16,1953.16,1973.64,1949.87,1959.15,311479,0,0
2020-09-17,1958.66,1960.96,1932.86,1944.2,352867,0,0
2020-09-18,1944.34,1960.1,1943.9,1950.42,289841,0,0
2020-09-21,1948.84,1955.62,1882.71,1911.92,387525,0,0
2020-09-22,1912.62,1920.04,1894.64,1900.34,384052,0,0
2020-09-23,1899.13,1905.4,1855.67,1862.74,456178,0,0
2020-09-24,1862.82,1877.19,1848.75,1868.66,490889,0,0
2020-09-25,1868.52,1875.18,1852.37,1860.14,382032,0,0
2020-09-28,1859.97,1882.99,1848.93,1881.84,345675,0,0
2020-09-29,1880.7,1899.12,1875.49,1897.48,332920,0,0
2020-09-30,1898.44,1902.27,1881.34,1885.23,336226,0,0
2020-10-01,1885.66,1912.12,1884.67,1905.94,345095,0,0
2020-10-02,1905.32,1917.11,1889.73,1900.58,312520,0,0
2020-10-05,1903.52,1918.73,1887.05,1913.65,257033,0,0
2020-10-06,1912.9,1921.09,1876.78,1877.56,282594,0,0
2020-10-07,1878.25,1898.03,1872.88,1887.83,260750,0,0
2020-10-08,1887.27,1900.73,1882.0,1893.5,243729,0,0
2020-10-09,1893.93,1930.41,1893.57,1929.87,256479,0,0
2020-10-12,1928.96,1933.2,1918.2,1922.63,242719,0,0
2020-10-13,1922.7,1925.38,1886.37,1891.07,276692,0,0
2020-10-14,1891.54,1912.94,1882.44,1900.49,249476,0,0
2020-10-15,1901.71,1908.91,1889.48,1907.92,275451,0,0
2020-10-16,1908.31,1913.92,1897.76,1898.76,229252,0,0
2020-10-19,1899.86,1918.57,1896.98,1903.44,237303,0,0
2020-10-20,1903.62,1914.11,1894.56,1907.53,226961,0,0
2020-10-21,1908.33,1931.42,1908.19,1924.6,243808,0,0
2020-10-22,1924.22,1925.94,1894.5,1903.67,232836,0,0
2020-10-23,1903.83,1914.23,1894.29,1901.41,209130,0,0
2020-10-26,1902.23,1908.64,1891.21,1901.68,243545,0,0
2020-10-27,1901.94,1911.42,1897.84,1907.35,200696,0,0
2020-10-28,1907.51,1910.87,1869.35,1876.81,299739,0,0
2020-10-29,1876.38,1884.99,1859.89,1867.11,279333,0,0
2020-10-30,1867.81,1889.8,1864.38,1878.37,284239,0,0
2020-11-02,1877.28,1896.02,1873.41,1895.06,264838,0,0
2020-11-03,1895.44,1910.55,1886.86,1908.94,235927,0,0
2020-11-04,1908.77,1916.33,1881.82,1903.27,389696,0,0
2020-11-05,1902.78,1952.76,1902.16,1949.17,351005,0,0
2020-11-06,1948.16,1960.35,1935.56,1951.81,324841,0,0
2020-11-09,1954.23,1965.58,1850.52,1863.13,454515,0,0
2020-11-10,1863.17,1890.36,1860.24,1877.39,379425,0,0
2020-11-11,1877.0,1884.48,1856.33,1865.5,279346,0,0
2020-11-12,1865.54,1883.81,1862.69,1876.71,290064,0,0
2020-11-13,1876.83,1896.83,1873.97,1889.28,251991,0,0
2020-11-16,1888.58,1899.03,1864.46,1888.66,292556,0,0
2020-11-17,1888.95,1893.44,1876.84,1880.19,232717,0,0
2020-11-18,1880.49,1884.85,1863.47,1871.97,234816,0,0
2020-11-19,1872.59,1874.13,1852.69,1866.84,247072,0,0
2020-11-20,1865.47,1879.75,1860.76,1870.9,216018,0,0
2020-11-23,1869.86,1876.14,1830.92,1837.49,241239,0,0
2020-11-24,1837.97,1838.99,1800.25,1807.71,293101,0,0
2020-11-25,1807.3,1817.68,1801.6,1807.07,212406,0,0
2020-11-26,1807.75,1818.26,1805.66,1810.2,117852,0,0
2020-11-27,1810.58,1813.88,1774.31,1786.76,190147,0,0
2020-11-30,1788.09,1789.9,1764.34,1777.64,256974,0,0
2020-12-01,1777.27,1817.29,1775.65,1815.42,244671,0,0
2020-12-02,1815.14,1832.55,1807.41,1830.72,221944,0,0
2020-12-03,1830.29,1843.92,1823.64,1840.98,238291,0,0
2020-12-04,1841.03,1848.19,1829.08,1838.6,203498,0,0
2020-12-07,1839.01,1868.52,1821.74,1863.1,224693,0,0
2020-12-08,1862.23,1875.28,1860.17,1870.83,202568,0,0
2020-12-09,1870.91,1871.0,1825.4,1839.41,245362,0,0
2020-12-10,1839.67,1849.98,1828.62,1835.96,211019,0,0
2020-12-11,1837.08,1847.67,1823.91,1839.91,178339,0,0
2020-12-14,1841.03,1841.48,1818.34,1827.82,204235,0,0
2020-12-15,1828.18,1855.35,1825.46,1853.67,211757,0,0
2020-12-16,1853.14,1865.77,1844.71,1864.06,256654,0,0
2020-12-17,1864.19,1896.27,1862.0,1886.04,265904,0,0
2020-12-18,1885.56,1889.64,1877.38,1880.55,218344,0,0
2020-12-21,1882.1,1906.72,1854.99,1876.25,334503,0,0
2020-12-22,1876.89,1884.26,1858.93,1859.91,269755,0,0
2020-12-23,1860.35,1878.56,1857.06,1872.63,254980,0,0
2020-12-24,1872.91,1883.46,1869.45,1879.3,130589,0,0
2020-12-28,1882.7,1900.2,1869.12,1873.05,197865,0,0
2020-12-29,1873.52,1886.44,1871.64,1878.17,174356,0,0
2020-12-30,1878.11,1894.04,1876.07,1893.81,143493,0,0
2020-12-31,1894.24,1900.89,1885.29,1893.68,145827,0,0
2021-01-01,1897.81,1897.81,1897.81,1897.81,1,0,0
2021-01-04,1903.39,1944.43,1903.39,1943.23,142101,0,0
2021-01-05,1941.49,1953.09,1934.31,1950.03,95998,5,0
2021-01-06,1953.56,1959.29,1900.81,1918.79,250454,0,0
2021-01-07,1919.25,1927.65,1906.77,1913.51,236187,0,0
2021-01-08,1914.51,1917.48,1828.27,1849.04,338616,0,0
2021-01-11,1848.08,1856.72,1817.0,1844.45,287524,0,0
2021-01-12,1843.88,1863.8,1836.7,1855.31,246855,0,0
2021-01-13,1854.7,1862.94,1841.91,1844.68,205991,0,0
2021-01-14,1845.2,1857.45,1828.38,1846.46,227235,0,0
2021-01-15,1846.75,1856.85,1823.3,1827.65,277959,0,0
2021-01-18,1827.7,1840.72,1802.91,1837.52,204914,0,0
2021-01-19,1837.72,1845.53,1833.06,1839.63,249651,0,0
2021-01-20,1839.99,1871.73,1832.43,1871.42,288030,0,0
2021-01-21,1871.08,1875.05,1858.28,1869.8,393521,0,0
2021-01-22,1870.11,1870.81,1837.35,1854.67,295905,0,0
2021-01-25,1855.33,1867.93,1847.07,1855.94,321941,0,0
2021-01-26,1855.57,1861.73,1848.33,1851.43,279714,0,0
2021-01-27,1850.08,1853.11,1831.35,1843.83,369863,0,0
2021-01-28,1843.95,1864.09,1834.0,1842.61,432085,0,0
2021-01-29,1842.69,1875.69,1839.53,1847.59,476101,0,0
2021-02-01,1863.24,1871.78,1849.1,1860.55,522012,0,0
2021-02-02,1860.32,1864.05,1829.42,1837.65,437908,0,0
2021-02-03,1837.79,1844.98,1829.6,1834.21,320502,0,0
2021-02-04,1833.64,1834.74,1784.9,1793.12,393996,0,0
2021-02-05,1793.58,1815.2,1791.98,1813.4,326766,0,0
2021-02-08,1815.93,1839.19,1807.76,1830.13,339013,0,0
2021-02-09,1830.07,1848.56,1828.83,1837.64,311399,0,0
2021-02-10,1838.02,1855.35,1834.05,1842.35,284184,0,0
2021-02-11,1843.08,1847.54,1821.2,1825.47,264325,0,0
2021-02-12,1825.67,1830.68,1810.52,1824.17,272385,0,0
2021-02-15,1825.4,1827.03,1816.07,1818.01,183150,0,0
2021-02-16,1819.03,1826.48,1789.48,1794.56,342605,0,0
2021-02-17,1794.09,1795.15,1769.47,1776.7,241742,0,0
2021-02-18,1776.51,1789.67,1768.42,1775.44,265472,0,0
2021-02-19,1776.71,1791.63,1760.63,1783.05,286508,0,0
2021-02-22,1782.36,1812.69,1780.68,1809.04,307037,0,0
2021-02-23,1809.67,1816.01,1795.6,1805.07,282147,0,0
2021-02-24,1805.08,1813.94,1783.43,1805.33,289531,0,0
2021-02-25,1805.47,1805.47,1765.28,1770.25,372747,0,0
2021-02-26,1770.71,1775.81,1717.18,1733.84,396770,0,0
2021-03-01,1733.19,1759.89,1719.63,1724.79,311625,0,0
2021-03-02,1724.89,1738.87,1707.2,1738.77,303958,0,0
2021-03-03,1738.06,1740.53,1701.86,1711.71,291804,0,0
2021-03-04,1710.74,1723.23,1690.42,1698.6,351748,0,0
2021-03-05,1697.58,1707.68,1687.18,1700.76,318244,0,0
2021-03-08,1701.81,1714.33,1676.77,1682.53,307886,0,0
2021-03-09,1683.25,1720.58,1680.12,1715.59,273343,0,0
2021-03-10,1716.04,1726.58,1708.2,1726.33,257950,0,0
2021-03-11,1726.55,1739.89,1719.27,1722.38,249375,0,0
2021-03-12,1722.18,1728.0,1699.21,1726.92,260490,0,0
2021-03-15,1728.56,1734.54,1721.66,1732.08,232808,0,0
2021-03-16,1731.86,1741.25,1726.21,1731.9,221015,0,0
2021-03-17,1732.35,1751.67,1724.16,1744.51,236290,0,0
2021-03-18,1748.74,1755.54,1719.25,1736.54,279415,0,0
2021-03-19,1735.77,1746.72,1728.49,1745.17,246950,0,0
2021-03-22,1743.8,1746.99,1727.39,1738.62,225322,0,0
2021-03-23,1739.58,1742.6,1724.68,1726.71,211547,0,0
2021-03-24,1727.15,1738.47,1723.79,1733.78,191238,0,0
2021-03-25,1734.91,1745.46,1721.7,1726.79,221043,0,0
2021-03-26,1727.94,1736.77,1721.62,1732.72,180729,0,0
2021-03-29,1729.64,1733.21,1705.65,1711.81,187491,0,0
2021-03-30,1712.56,1714.39,1678.77,1685.06,240648,0,0
2021-03-31,1685.44,1715.34,1677.86,1707.7,236155,0,0
2021-04-01,1707.18,1730.48,1705.76,1729.49,212246,0,0
2021-04-05,1727.76,1733.57,1721.25,1728.36,162078,0,0
2021-04-06,1727.5,1745.47,1727.16,1743.06,206356,0,0
2021-04-07,1742.78,1744.34,1730.57,1737.57,205499,0,0
2021-04-08,1737.55,1758.67,1733.14,1756.14,209107,0,0
2021-04-09,1755.18,1757.33,1731.07,1743.46,219700,0,0
2021-04-12,1742.49,1745.0,1727.46,1732.34,219236,0,0
2021-04-13,1730.78,1748.99,1723.7,1745.39,238866,0,0
2021-04-14,1744.11,1749.33,1732.58,1736.25,215055,0,0
2021-04-15,1735.36,1769.68,1734.33,1763.5,218453,0,0
2021-04-16,1763.24,1783.79,1759.72,1776.67,220568,0,0
2021-04-19,1776.49,1790.05,1766.76,1770.78,243851,0,0
2021-04-20,1770.3,1780.41,1763.53,1778.55,232425,0,0
2021-04-21,1778.22,1797.62,1775.47,1793.92,229776,0,0
2021-04-22,1792.95,1797.88,1777.37,1784.36,221776,0,0
2021-04-23,1783.65,1795.95,1770.01,1776.48,213742,0,0
2021-04-26,1774.78,1783.5,1768.84,1781.39,219128,0,0
2021-04-27,1780.96,1785.55,1773.75,1776.7,209759,0,0
2021-04-28,1775.9,1782.54,1762.58,1781.47,230258,0,0
2021-04-29,1781.52,1789.98,1756.33,1772.28,229855,0,0
2021-04-30,1771.98,1773.65,1764.24,1768.97,223139,0,0
2021-05-03,1768.15,1797.91,1765.96,1793.04,203089,0,0
2021-05-04,1792.75,1799.09,1770.97,1779.28,231870,0,0
2021-05-05,1778.24,1787.97,1770.28,1787.66,197318,0,0
2021-05-06,1786.4,1818.12,1781.91,1815.22,234926,0,0
2021-05-07,1814.43,1843.3,1812.84,1830.85,258521,0,0
2021-05-10,1830.79,1845.5,1829.93,1835.54,264102,0,0
2021-05-11,1835.54,1841.8,1818.05,1836.8,258513,0,0
2021-05-12,1837.09,1843.68,1813.24,1816.11,282879,0,0
2021-05-13,1812.38,1828.8,1808.76,1826.93,268510,0,0
2021-05-14,1825.48,1845.93,1819.77,1842.56,217388,0,0
2021-05-17,1844.06,1868.41,1840.99,1866.65,229757,0,0
2021-05-18,1862.93,1875.03,1862.93,1869.64,208396,0,0
2021-05-19,1869.22,1890.09,1852.13,1870.15,299899,0,0
2021-05-20,1868.92,1883.94,1863.81,1877.28,281480,0,0
2021-05-21,1877.48,1889.41,1870.1,1881.74,262659,0,0
2021-05-24,1881.5,1887.02,1875.17,1881.35,240464,0,0
2021-05-25,1880.22,1900.21,1872.68,1899.18,230809,0,0
2021-05-26,1898.98,1912.74,1890.67,1896.5,234844,0,0
2021-05-27,1894.91,1903.67,1888.18,1896.43,235063,0,0
2021-05-28,1896.15,1905.86,1882.27,1903.18,245284,0,0
2021-05-31,1902.87,1910.65,1902.11,1906.62,128350,0,0
2021-06-01,1906.58,1916.58,1892.37,1899.87,231412,0,0
2021-06-02,1898.99,1909.09,1894.36,1908.66,214257,0,0
2021-06-03,1908.11,1909.63,1865.31,1870.7,251019,0,0
2021-06-04,1868.65,1896.14,1855.5,1891.51,244266,0,0
2021-06-07,1890.54,1900.14,1881.5,1898.78,212011,0,0
2021-06-08,1898.25,1903.67,1883.77,1893.06,201780,0,0
2021-06-09,1890.72,1898.96,1887.33,1888.89,194212,0,0
2021-06-10,1888.15,1899.87,1869.84,1899.64,248091,0,0
2021-06-11,1898.16,1903.04,1874.44,1876.16,235513,0,0
2021-06-14,1877.3,1877.63,1844.77,1866.31,235786,0,0
2021-06-15,1865.9,1869.17,1851.65,1858.89,215556,0,0
2021-06-16,1858.49,1863.04,1803.33,1810.21,244619,0,0
2021-06-17,1811.31,1825.33,1767.21,1772.78,373690,0,0
2021-06-18,1772.52,1797.14,1760.91,1764.52,297958,0,0
2021-06-21,1763.92,1786.61,1763.92,1783.25,307030,0,0
2021-06-22,1781.12,1790.09,1772.42,1778.63,264032,0,0
2021-06-23,1777.63,1794.95,1773.33,1778.4,238819,0,0
2021-06-24,1778.22,1788.0,1772.85,1774.96,236563,0,0
2021-06-25,1775.2,1790.34,1773.7,1781.11,217446,0,0
2021-06-28,1780.59,1785.84,1770.65,1779.03,213664,0,0
2021-06-29,1778.12,1778.96,1750.69,1761.08,212302,0,0
2021-06-30,1760.26,1774.39,1753.33,1769.65,209719,0,0
2021-07-01,1769.23,1782.82,1765.64,1776.52,202553,0,0
2021-07-02,1775.57,1795.04,1774.3,1787.33,198616,0,0
2021-07-05,1785.71,1794.82,1784.47,1790.31,105689,0,0
2021-07-06,1791.15,1815.0,1790.11,1797.05,221290,0,0
2021-07-07,1795.18,1809.74,1793.85,1803.59,209365,0,0
2021-07-08,1802.02,1818.45,1793.83,1802.35,251693,0,0
2021-07-09,1802.34,1812.38,1796.38,1808.04,202281,0,0
2021-07-12,1807.98,1810.83,1791.65,1806.17,177281,0,0
2021-07-13,1806.28,1817.15,1798.6,1807.14,193863,0,0
2021-07-14,1807.89,1829.78,1804.55,1827.99,199832,0,0
2021-07-15,1827.5,1834.09,1820.22,1829.45,197847,0,0
2021-07-16,1829.89,1832.08,1808.96,1811.51,211977,0,0
2021-07-19,1811.32,1817.3,1794.98,1812.61,260309,0,0
2021-07-20,1812.68,1824.97,1805.1,1810.24,232383,0,0
2021-07-21,1810.43,1813.77,1794.68,1803.42,212664,0,0
2021-07-22,1803.86,1808.07,1792.74,1806.42,207668,0,0
2021-07-23,1807.06,1810.33,1789.63,1801.93,189637,0,0
2021-07-26,1802.29,1811.5,1796.38,1797.65,203540,0,0
2021-07-27,1798.02,1805.25,1793.6,1798.47,202253,0,0
2021-07-28,1800.57,1809.85,1792.54,1807.11,209654,0,0
2021-07-29,1807.38,1832.66,1807.22,1827.79,202988,0,0
2021-07-30,1828.86,1831.37,1810.2,1814.28,186632,0,0
2021-08-02,1814.65,1819.55,1805.78,1813.11,199882,0,0
2021-08-03,1813.52,1815.02,1807.12,1810.12,164444,0,0
2021-08-04,1810.29,1831.71,1806.4,1811.6,177097,0,0
2021-08-05,1812.03,1814.87,1797.81,1803.73,171399,0,0
2021-08-06,1804.66,1804.75,1758.65,1763.18,194314,0,0
2021-08-09,1761.13,1762.28,1682.99,1729.58,244853,0,0
2021-08-10,1728.99,1738.28,1717.71,1728.74,191760,0,0
2021-08-11,1729.74,1754.44,1724.08,1751.5,190927,0,0
2021-08-12,1751.41,1758.18,1741.58,1752.86,165031,0,0
2021-08-13,1753.18,1779.79,1751.69,1779.7,156533,0,0
2021-08-16,1779.24,1789.28,1770.8,1787.24,180094,0,0
2021-08-17,1787.16,1795.47,1780.53,1785.8,183438,0,0
2021-08-18,1786.23,1793.78,1777.32,1787.68,184447,0,0
2021-08-19,1787.37,1792.44,1774.41,1780.0,208047,0,0
2021-08-20,1780.12,1788.38,1778.33,1780.94,163402,0,0
2021-08-23,1781.48,1806.42,1776.44,1805.18,174777,0,0
2021-08-24,1805.47,1809.54,1800.7,1802.83,152676,0,0
2021-08-25,1802.6,1802.86,1782.51,1790.33,166161,0,0
2021-08-26,1791.04,1798.18,1780.04,1791.69,157233,0,0
2021-08-27,1792.39,1819.16,1784.13,1817.85,174598,0,0
2021-08-30,1818.13,1823.24,1807.76,1810.13,130834,0,0
2021-08-31,1810.01,1819.15,1801.71,1814.26,165970,0,0
2021-09-01,1814.49,1820.03,1808.69,1813.77,156247,0,0
2021-09-02,1813.98,1817.15,1804.86,1809.55,125314,0,0
2021-09-03,1809.53,1833.95,1808.94,1827.59,151669,0,0
2021-09-06,1828.2,1830.24,1821.38,1823.14,77929,0,0
2021-09-07,1823.56,1827.26,1792.04,1793.92,162951,0,0
2021-09-08,1795.21,1802.12,1782.39,1789.29,161478,0,0
2021-09-09,1789.52,1800.95,1783.86,1794.36,164257,0,0
2021-09-10,1794.08,1803.86,1787.21,1787.81,156661,0,0
2021-09-13,1787.43,1798.43,1783.64,1793.37,142085,0,0
2021-09-14,1793.53,1808.66,1780.69,1804.69,108691,0,0
2021-09-15,1803.94,1806.86,1790.72,1793.73,91694,0,0
2021-09-16,1794.17,1796.17,1745.34,1752.72,112703,0,0
2021-09-17,1753.74,1767.49,1747.43,1753.92,103307,0,0
2021-09-20,1754.37,1767.01,1742.46,1764.82,112868,0,0
2021-09-21,1764.49,1781.74,1757.94,1773.89,108467,0,0
2021-09-22,1774.92,1787.21,1764.7,1767.99,115796,0,0
2021-09-23,1768.81,1776.54,1737.86,1742.48,116654,0,0
2021-09-24,1744.75,1757.69,1740.46,1749.72,100549,0,0
2021-09-27,1749.87,1760.83,1744.87,1750.15,98221,0,0
2021-09-28,1750.72,1754.44,1728.14,1733.53,123498,0,0
2021-09-29,1734.25,1745.52,1721.66,1726.46,113229,0,0
2021-09-30,1726.68,1764.21,1722.23,1757.16,90455,0,0
2021-10-01,1755.77,1764.3,1749.75,1760.15,84805,7,0
2021-10-04,1760.86,1770.57,1747.74,1769.35,82839,5,0
2021-10-05,1768.56,1769.41,1748.61,1759.87,82729,7,0
2021-10-06,1760.06,1765.09,1745.86,1762.87,94435,7,0
2021-10-07,1763.03,1766.95,1751.97,1754.91,64872,7,0
2021-10-08,1756.0,1781.31,1753.35,1757.1,70509,7,0
2021-10-11,1757.04,1761.01,1750.13,1754.11,71862,7,0
2021-10-12,1753.88,1769.33,1750.74,1760.19,82403,7,0
2021-10-13,1760.78,1796.14,1757.9,1792.98,87833,7,0
2021-10-14,1793.04,1800.57,1786.7,1795.83,70969,7,0
2021-10-15,1796.11,1796.47,1764.85,1767.82,83737,7,0
2021-10-18,1767.22,1772.09,1760.31,1764.46,73379,7,0
2021-10-19,1764.99,1785.14,1762.96,1768.59,81124,7,0
2021-10-20,1769.39,1788.42,1766.87,1781.74,80119,7,0
2021-10-21,1782.5,1789.4,1776.51,1782.46,90572,7,0
2021-10-22,1783.37,1813.83,1782.9,1792.68,93101,7,0
2021-10-25,1793.05,1810.01,1792.29,1806.91,77043,7,0
2021-10-26,1807.43,1808.31,1782.37,1793.37,64469,7,0
2021-10-27,1793.09,1799.06,1783.5,1796.45,91540,7,0
2021-10-28,1796.81,1810.42,1792.33,1798.9,86625,7,0
2021-10-29,1799.49,1801.17,1771.96,1782.6,104631,7,0
2021-11-01,1783.36,1795.81,1779.14,1793.27,85354,7,0
2021-11-02,1792.82,1796.42,1786.38,1787.55,92713,7,0
2021-11-03,1787.73,1788.24,1758.82,1772.08,105608,7,0
2021-11-04,1771.48,1798.91,1770.81,1791.95,81755,7,0
2021-11-05,1791.2,1818.27,1785.03,1818.18,109069,7,0
2021-11-08,1815.65,1826.48,1812.4,1824.6,85095,7,0
2021-11-09,1824.29,1832.74,1819.16,1831.79,96891,7,0
2021-11-10,1831.73,1868.52,1822.3,1849.91,89512,7,0
2021-11-11,1849.01,1865.96,1842.91,1862.06,76291,7,0
2021-11-12,1861.82,1868.65,1845.23,1864.43,82069,7,0
2021-11-15,1866.82,1870.45,1856.34,1862.83,74449,7,0
2021-11-16,1863.13,1877.18,1849.69,1850.14,87005,7,0
2021-11-17,1850.21,1868.05,1849.55,1867.23,80670,7,0
2021-11-18,1866.22,1870.94,1855.09,1858.7,79240,7,0
2021-11-19,1859.22,1865.7,1842.95,1845.51,67888,7,0
2021-11-22,1842.06,1849.08,1802.3,1805.56,84314,7,0
2021-11-23,1808.1,1812.39,1781.98,1790.24,95759,7,0
2021-11-24,1789.1,1796.41,1778.54,1789.47,84547,7,0
2021-11-25,1787.96,1795.07,1786.02,1788.75,44429,7,0
2021-11-26,1790.45,1815.51,1780.57,1788.1,100072,7,0
2021-11-29,1788.92,1799.41,1774.22,1785.27,93094,7,0
2021-11-30,1785.18,1808.68,1769.87,1774.08,111135,7,0
2021-12-01,1775.78,1794.53,1772.2,1782.82,105017,0,0
2021-12-02,1781.47,1783.31,1761.93,1768.81,98368,0,0
2021-12-03,1769.74,1786.09,1766.14,1783.89,93085,7,0
2021-12-06,1782.14,1787.66,1775.72,1778.28,64709,7,0
2021-12-07,1779.1,1787.79,1772.2,1784.28,73560,7,0
2021-12-08,1784.74,1793.08,1779.64,1782.37,77882,7,0
2021-12-09,1783.03,1787.6,1773.28,1774.8,53106,7,0
2021-12-10,1775.89,1789.45,1770.13,1782.76,67953,7,0
2021-12-13,1782.76,1791.63,1781.84,1787.15,57690,7,0
2021-12-14,1785.96,1789.55,1766.52,1770.49,66609,7,0
2021-12-15,1771.35,1780.82,1752.92,1777.27,74059,7,0
2021-12-16,1778.54,1799.39,1775.52,1799.33,76957,7,0
2021-12-17,1798.43,1814.26,1795.86,1797.96,75467,7,0
2021-12-20,1800.34,1804.16,1788.33,1789.56,74203,7,0
2021-12-21,1790.96,1800.48,1784.87,1788.76,58925,7,0
2021-12-22,1789.02,1804.98,1785.92,1803.62,48591,7,0
2021-12-23,1803.67,1810.73,1798.9,1808.31,47111,7,0
2021-12-27,1805.98,1813.46,1803.0,1811.71,46630,7,0
2021-12-28,1811.76,1820.16,1804.99,1805.71,48408,7,0
2021-12-29,1806.54,1807.71,1789.42,1804.0,52540,7,0
2021-12-30,1804.15,1817.21,1796.16,1815.34,48087,7,0
2021-12-31,1814.67,1830.32,1814.29,1828.71,42486,7,0
2022-01-03,1830.59,1831.78,1798.39,1801.34,55543,7,0
2022-01-04,1802.55,1816.76,1798.55,1814.86,63859,7,0
2022-01-05,1813.94,1829.67,1807.68,1809.84,70893,7,0
2022-01-06,1810.15,1811.54,1786.39,1789.47,76488,7,0
2022-01-07,1791.26,1798.63,1782.57,1796.04,61866,7,0
2022-01-10,1795.17,1802.31,1790.35,1801.68,58915,7,0
2022-01-11,1800.57,1823.23,1800.05,1822.32,59772,7,0
2022-01-12,1820.23,1828.06,1814.74,1825.87,69831,7,0
2022-01-13,1825.91,1828.16,1812.42,1822.5,73558,7,0
2022-01-14,1821.5,1829.13,1814.7,1817.45,78282,7,0
2022-01-17,1817.36,1823.18,1813.12,1819.21,35966,7,0
2022-01-18,1818.46,1822.76,1805.75,1813.67,77755,7,0
2022-01-19,1814.15,1843.31,1810.23,1840.26,66940,7,0
2022-01-20,1840.29,1847.89,1835.92,1838.7,81042,7,0
2022-01-21,1839.39,1843.21,1828.53,1833.66,83952,7,0
2022-01-24,1832.94,1844.31,1829.68,1843.3,75716,7,0
2022-01-25,1843.0,1853.86,1834.95,1847.93,66447,7,0
2022-01-26,1847.68,1850.07,1814.97,1818.43,77098,7,0
2022-01-27,1819.9,1822.14,1791.81,1796.78,87544,7,0
2022-01-28,1797.65,1799.42,1780.29,1791.3,67527,7,0
2022-01-31,1789.18,1799.86,1785.58,1796.91,55363,7,0
2022-02-01,1797.49,1808.77,1795.74,1800.97,55136,7,0
2022-02-02,1801.19,1810.77,1794.42,1807.0,41307,7,0
2022-02-03,1806.87,1808.95,1788.7,1804.66,44677,7,0
2022-02-04,1804.85,1814.89,1792.23,1807.78,47351,7,0
2022-02-07,1808.58,1823.56,1807.9,1820.7,59546,7,0
2022-02-08,1821.32,1828.77,1815.43,1826.0,52201,7,0
2022-02-09,1825.81,1835.8,1824.66,1832.82,57925,7,0
2022-02-10,1832.85,1841.92,1821.59,1827.19,57807,7,0
2022-02-11,1827.11,1865.48,1820.97,1860.51,80423,7,0
2022-02-14,1856.81,1874.09,1850.81,1870.62,68085,7,0
2022-02-15,1870.65,1879.46,1844.55,1853.36,49959,7,0
2022-02-16,1853.91,1872.54,1850.31,1868.58,49624,7,0
2022-02-17,1869.7,1901.13,1867.84,1897.87,83238,7,0
2022-02-18,1899.0,1902.46,1886.57,1898.29,65638,7,0
2022-02-21,1901.87,1908.26,1887.63,1904.01,61865,7,0
2022-02-22,1910.66,1914.02,1891.47,1898.52,85794,7,0
2022-02-23,1899.0,1910.45,1889.67,1907.86,60763,7,0
2022-02-24,1910.0,1974.37,1878.11,1903.55,127323,7,0
2022-02-25,1907.21,1921.31,1883.1,1887.83,89405,7,0
2022-02-28,1922.88,1926.69,1890.98,1908.17,86388,7,0
2022-03-01,1907.87,1950.17,1901.42,1943.74,82841,7,0
2022-03-02,1943.05,1947.9,1913.8,1926.54,78641,7,0
2022-03-03,1928.55,1941.2,1922.05,1935.51,76014,7,0
2022-03-04,1936.81,1970.21,1929.64,1968.68,79782,7,0
2022-03-07,1982.95,2002.6,1961.04,1998.22,79905,7,0
2022-03-08,1997.1,2070.34,1981.09,2052.44,79872,7,0
2022-03-09,2050.47,2059.15,1975.99,1991.74,77345,7,0
2022-03-10,1990.83,2009.14,1970.83,1996.02,65461,7,0
2022-03-11,1997.33,1998.95,1958.66,1985.57,51580,7,0
2022-03-14,1980.21,1983.7,1949.65,1951.31,50257,7,0
2022-03-15,1953.12,1954.56,1907.07,1917.18,53368,7,0
2022-03-16,1919.99,1929.51,1895.27,1925.19,49575,7,0
2022-03-17,1925.46,1949.77,1923.15,1941.49,46033,7,0
2022-03-18,1942.4,1945.27,1918.01,1920.09,41228,7,0
2022-03-21,1924.69,1941.06,1917.95,1934.66,42775,7,0
2022-03-22,1936.28,1938.37,1910.71,1921.07,49065,7,0
2022-03-23,1921.41,1948.31,1915.55,1945.56,52909,7,0
2022-03-24,1944.49,1966.17,1937.38,1956.34,59540,7,0
2022-03-25,1959.13,1964.25,1943.11,1955.02,64106,7,0
2022-03-28,1955.5,1958.31,1916.96,1921.88,78231,7,0
2022-03-29,1922.43,1929.24,1890.1,1918.98,78555,7,0
2022-03-30,1920.3,1938.5,1915.93,1933.02,73679,7,0
2022-03-31,1933.27,1949.82,1919.13,1936.7,64814,7,0
2022-04-01,1937.31,1939.49,1918.04,1922.93,76260,7,0
2022-04-04,1924.28,1936.85,1915.36,1932.9,61982,7,0
2022-04-05,1932.84,1944.54,1917.99,1922.48,66298,7,0
2022-04-06,1923.11,1933.42,1915.01,1925.11,90727,7,0
2022-04-07,1924.0,1937.81,1920.53,1931.32,60971,7,0
2022-04-08,1931.76,1948.11,1927.6,1945.39,57843,7,0
2022-04-11,1947.92,1969.61,1939.96,1954.4,80111,7,0
2022-04-12,1952.34,1978.58,1949.75,1965.6,64768,7,0
2022-04-13,1966.97,1981.5,1962.85,1977.26,66532,7,0
2022-04-14,1977.16,1980.32,1960.37,1972.17,64962,7,0
2022-04-18,1972.59,1998.36,1971.88,1978.14,63510,7,0
2022-04-19,1977.6,1981.93,1943.58,1949.63,73072,7,0
2022-04-20,1950.01,1958.0,1939.27,1957.88,75372,7,0
2022-04-21,1956.08,1957.3,1936.72,1952.11,71487,7,0
2022-04-22,1950.33,1955.54,1926.54,1931.31,82645,7,0
2022-04-25,1932.44,1934.39,1891.48,1897.69,90804,7,0
2022-04-26,1899.05,1911.25,1895.68,1906.06,80656,7,0
2022-04-27,1906.08,1906.99,1881.34,1885.31,77403,7,0
2022-04-28,1885.57,1896.73,1872.07,1893.98,72394,7,0
2022-04-29,1895.12,1919.97,1892.57,1896.53,72672,7,0
2022-05-02,1899.31,1899.85,1854.46,1862.72,68494,7,0
2022-05-03,1863.55,1878.11,1850.38,1867.89,62091,7,0
2022-05-04,1867.98,1889.68,1861.38,1882.74,59017,7,0
2022-05-05,1882.11,1909.76,1872.45,1877.6,82212,7,0
2022-05-06,1876.48,1892.49,1866.18,1881.93,77860,7,0
2022-05-09,1883.49,1885.61,1851.75,1853.96,80396,7,0
2022-05-10,1853.44,1865.42,1835.48,1838.72,83684,7,0
2022-05-11,1839.02,1858.02,1832.03,1852.38,77313,7,0
2022-05-12,1851.42,1858.76,1821.51,1822.51,86147,7,0
2022-05-13,1822.93,1828.78,1799.08,1810.87,71380,7,0
2022-05-16,1814.08,1826.89,1786.72,1824.46,62065,7,0
2022-05-17,1824.94,1836.09,1812.88,1814.91,67220,7,0
2022-05-18,1814.56,1824.66,1807.23,1816.36,71843,7,0
2022-05-19,1816.56,1849.12,1810.9,1841.44,81894,7,0
2022-05-20,1842.09,1849.37,1832.37,1845.84,67046,7,0
2022-05-23,1848.71,1865.27,1843.1,1853.22,62560,7,0
2022-05-24,1853.49,1869.65,1849.34,1866.07,55975,7,0
2022-05-25,1865.24,1868.05,1841.9,1853.27,57366,7,0
2022-05-26,1852.65,1854.31,1840.95,1851.56,56909,7,0
2022-05-27,1851.28,1861.95,1847.98,1853.28,54191,7,0
2022-05-30,1852.56,1864.02,1848.18,1854.75,35473,7,0
2022-05-31,1856.03,1857.07,1835.13,1837.66,66671,7,0
2022-06-01,1837.12,1849.99,1828.47,1848.58,61100,7,0
2022-06-02,1847.13,1870.41,1844.09,1868.08,54159,7,0
2022-06-03,1868.95,1874.05,1847.37,1850.52,51500,7,0
2022-06-06,1850.66,1857.79,1840.64,1841.99,55684,7,0
2022-06-07,1841.13,1855.55,1837.04,1852.13,58179,7,0
2022-06-08,1852.67,1859.59,1844.53,1852.48,48959,7,0
2022-06-09,1852.94,1855.32,1840.01,1848.02,50842,7,0
2022-06-10,1847.73,1875.88,1825.02,1870.86,65342,7,0
2022-06-13,1877.96,1879.0,1819.13,1819.57,85237,7,0
2022-06-14,1815.4,1831.6,1805.09,1809.0,79520,7,0
2022-06-15,1807.58,1841.78,1807.48,1834.59,87847,7,0
2022-06-16,1833.12,1857.24,1815.38,1857.02,81420,7,0
2022-06-17,1853.51,1853.54,1833.88,1841.1,71449,7,0
2022-06-20,1836.06,1845.98,1834.65,1838.34,43685,7,0
2022-06-21,1837.73,1843.61,1828.58,1833.0,60577,7,0
2022-06-22,1832.42,1847.77,1823.34,1837.87,66537,7,0
2022-06-23,1837.46,1846.02,1822.49,1823.57,65611,7,0
2022-06-24,1823.99,1831.71,1816.9,1826.26,66941,7,0
2022-06-27,1836.07,1841.0,1820.75,1823.11,61129,7,0
2022-06-28,1822.59,1829.49,1818.46,1819.88,58203,7,0
2022-06-29,1819.35,1832.89,1811.99,1817.92,60690,7,0
2022-06-30,1818.11,1824.99,1802.72,1806.77,63841,7,0
2022-07-01,1806.88,1809.29,1784.49,1807.42,75298,7,0
2022-07-04,1809.78,1814.2,1803.95,1807.55,36882,7,0
2022-07-05,1807.73,1812.08,1763.91,1765.91,66893,7,0
2022-07-06,1766.97,1772.88,1732.26,1738.63,77355,7,0
2022-07-07,1740.16,1749.1,1736.45,1740.42,62428,7,0
2022-07-08,1740.7,1752.19,1732.97,1741.76,62967,7,0
2022-07-11,1741.03,1744.49,1731.24,1733.28,62762,13,0
2022-07-12,1733.43,1744.13,1723.13,1725.93,72878,13,0
2022-07-13,1725.53,1745.3,1707.3,1734.84,81228,13,0
2022-07-14,1735.79,1736.07,1697.41,1710.57,92766,7,0
2022-07-15,1710.97,1716.53,1699.11,1706.51,75340,7,0
2022-07-18,1706.89,1723.89,1706.53,1708.99,67170,7,0
2022-07-19,1709.88,1718.44,1705.32,1711.59,60949,7,0
2022-07-20,1711.15,1714.4,1692.47,1696.21,61752,7,0
2022-07-21,1696.57,1720.07,1680.85,1719.16,66227,7,0
2022-07-22,1718.13,1739.22,1712.86,1722.84,66881,7,0
2022-07-25,1725.98,1736.23,1714.72,1719.19,64111,7,0
2022-07-26,1718.98,1728.17,1713.64,1716.94,61689,7,0
2022-07-27,1717.35,1740.18,1711.46,1734.16,64591,7,0
2022-07-28,1734.24,1757.05,1733.96,1756.44,78394,7,0
2022-07-29,1755.28,1767.87,1752.09,1765.4,76683,7,0
2022-08-01,1765.09,1775.06,1758.31,1772.44,72039,7,0
2022-08-02,1771.72,1788.0,1760.45,1761.5,80657,7,0
2022-08-03,1761.9,1772.8,1754.27,1765.23,71647,7,0
2022-08-04,1765.43,1794.9,1763.15,1790.76,66144,7,0
2022-08-05,1790.7,1794.85,1764.97,1774.01,70103,7,0
2022-08-08,1773.11,1790.03,1771.18,1788.47,56649,7,0
2022-08-09,1788.56,1800.36,1783.2,1793.72,55154,7,0
2022-08-10,1794.09,1807.95,1786.96,1791.88,61858,7,0
2022-08-11,1792.63,1799.26,1783.46,1789.17,63817,7,0
2022-08-12,1789.79,1802.12,1784.91,1801.0,59982,7,0
2022-08-15,1801.53,1801.74,1772.95,1778.9,59899,7,0
2022-08-16,1779.41,1783.13,1771.44,1775.08,55262,7,0
2022-08-17,1775.78,1782.27,1759.83,1762.4,67233,7,0
2022-08-18,1762.49,1772.39,1755.34,1758.65,59639,7,0
2022-08-19,1758.85,1759.18,1745.57,1746.58,61591,7,0
2022-08-22,1745.58,1749.01,1727.72,1734.89,61160,7,0
2022-08-23,1735.83,1754.02,1730.8,1747.93,61626,7,0
2022-08-24,1747.41,1755.82,1742.47,1751.59,59694,7,0
2022-08-25,1751.35,1765.41,1749.88,1758.14,58352,7,0
2022-08-26,1758.12,1758.76,1734.15,1738.58,66361,7,0
2022-08-29,1734.82,1745.41,1720.32,1737.32,62748,7,0
2022-08-30,1737.87,1740.49,1721.19,1724.08,61244,7,0
2022-08-31,1723.04,1726.52,1709.54,1710.49,64999,7,0
2022-09-01,1711.01,1711.37,1688.76,1696.35,67183,7,0
2022-09-02,1697.24,1717.96,1694.99,1711.61,60720,7,0
2022-09-05,1711.13,1715.78,1707.69,1711.84,36119,7,0
2022-09-06,1710.59,1726.72,1699.8,1701.37,66611,7,0
2022-09-07,1702.12,1719.24,1691.38,1715.16,65150,7,0
2022-09-08,1718.4,1728.14,1703.91,1708.73,69107,7,0
2022-09-09,1708.58,1729.47,1708.42,1716.3,63223,7,0
2022-09-12,1718.22,1735.07,1711.91,1724.9,62710,7,0
2022-09-13,1724.71,1731.82,1697.07,1702.51,68819,0,0
2022-09-14,1701.11,1707.05,1693.61,1696.52,72559,7,0
2022-09-15,1697.42,1698.19,1660.28,1664.38,64095,7,0
2022-09-16,1664.77,1680.24,1654.06,1675.08,66880,7,0
2022-09-19,1674.33,1679.91,1659.63,1675.85,54770,7,0
2022-09-20,1675.55,1679.4,1659.93,1663.67,60624,7,0
2022-09-21,1664.88,1687.95,1654.02,1674.02,67833,7,0
2022-09-22,1671.54,1684.88,1655.66,1671.53,83440,7,0
2022-09-23,1671.37,1675.82,1639.74,1643.97,76421,7,0
2022-09-26,1643.02,1649.77,1621.08,1624.08,92857,7,0
2022-09-27,1623.66,1642.37,1623.6,1629.11,77748,7,0
2022-09-28,1629.82,1662.67,1614.75,1659.69,89800,7,0
2022-09-29,1658.71,1664.88,1641.46,1660.44,85230,7,0
2022-09-30,1661.25,1675.39,1659.2,1661.06,80381,7,0
2022-10-03,1664.2,1701.44,1659.68,1698.49,78692,7,0
2022-10-04,1699.03,1729.38,1695.12,1725.69,80580,7,0
2022-10-05,1724.81,1727.79,1700.51,1717.22,75226,7,0
2022-10-06,1715.94,1725.54,1706.91,1713.06,74664,7,0
2022-10-07,1711.67,1714.79,1690.53,1694.36,70956,7,0
2022-10-10,1696.18,1699.77,1665.63,1667.94,82098,7,0
2022-10-11,1668.47,1683.94,1660.99,1666.29,105231,7,0
2022-10-12,1666.39,1678.24,1661.33,1672.83,101599,7,0
2022-10-13,1673.68,1682.45,1642.33,1666.11,113161,7,0
2022-10-14,1665.68,1671.68,1640.15,1644.09,116234,7,0
2022-10-17,1646.05,1668.42,1644.07,1650.54,91405,7,0
2022-10-18,1650.44,1660.83,1645.8,1651.9,94861,7,0
2022-10-19,1651.93,1654.41,1627.66,1628.92,94698,7,0
2022-10-20,1629.36,1645.63,1622.45,1627.87,101192,7,0
2022-10-21,1628.1,1657.09,1617.22,1656.51,122824,7,0
2022-10-24,1659.82,1670.62,1643.88,1649.7,115197,7,0
2022-10-25,1649.9,1662.3,1638.26,1652.95,94895,7,0
2022-10-26,1652.25,1674.86,1649.71,1664.41,98100,7,0
2022-10-27,1664.17,1670.72,1654.79,1661.37,104363,7,0
2022-10-28,1662.01,1666.98,1637.97,1644.88,100643,7,0
2022-10-31,1643.64,1645.63,1631.68,1633.18,75065,7,0
2022-11-01,1632.55,1656.93,1630.54,1646.83,99767,7,0
2022-11-02,1646.32,1669.55,1634.98,1635.1,94890,7,0
2022-11-03,1634.3,1640.92,1616.6,1629.33,99771,7,0
2022-11-04,1629.05,1681.73,1628.8,1680.54,115211,7,0
2022-11-07,1675.31,1681.83,1666.87,1674.68,93276,7,0
2022-11-08,1674.42,1716.86,1664.71,1712.48,96616,7,0
2022-11-09,1711.59,1722.31,1702.15,1706.27,107276,7,0
2022-11-10,1705.87,1757.26,1703.79,1754.75,111691,7,0
2022-11-11,1753.06,1772.76,1747.22,1771.01,113863,7,0
2022-11-14,1763.69,1775.05,1753.23,1771.76,101427,7,0
2022-11-15,1770.28,1786.52,1767.0,1778.11,125967,7,0
2022-11-16,1777.79,1785.04,1770.32,1773.65,108993,7,0
2022-11-17,1773.24,1774.72,1754.44,1760.59,102565,7,0
2022-11-18,1760.3,1767.64,1747.51,1749.86,88594,7,0
2022-11-21,1751.23,1752.99,1732.5,1738.27,93270,7,0
2022-11-22,1738.97,1749.69,1737.05,1740.15,85516,7,0
2022-11-23,1739.87,1753.33,1723.8,1749.56,97814,0,0
2022-11-24,1749.55,1758.63,1749.01,1755.27,57631,7,0
2022-11-25,1754.83,1761.15,1745.92,1756.1,71165,7,0
2022-11-28,1753.19,1763.73,1739.61,1740.75,94437,7,0
2022-11-29,1740.88,1759.02,1740.31,1749.7,94793,7,0
2022-11-30,1749.0,1769.9,1744.84,1768.27,106147,7,0
2022-12-01,1769.78,1804.0,1769.39,1803.03,112268,7,0
2022-12-02,1802.29,1804.42,1778.47,1797.82,104666,7,0
2022-12-05,1794.67,1809.95,1765.81,1768.54,104258,7,0
2022-12-06,1767.86,1780.88,1767.31,1771.01,91545,7,0
2022-12-07,1770.76,1790.47,1768.72,1786.08,101780,7,0
2022-12-08,1786.1,1794.85,1781.45,1789.19,89719,7,0
2022-12-09,1789.69,1806.1,1788.45,1796.64,92751,7,0
2022-12-12,1795.93,1796.65,1777.47,1781.05,79425,7,0
2022-12-13,1780.97,1824.45,1780.83,1810.45,113652,0,0
2022-12-14,1810.55,1814.09,1795.26,1807.21,105209,7,0
2022-12-15,1807.06,1808.62,1773.69,1776.61,113873,7,0
2022-12-16,1776.2,1794.29,1774.28,1792.26,94903,7,0
2022-12-19,1792.18,1798.67,1783.87,1787.31,80604,7,0
2022-12-20,1787.23,1821.11,1784.56,1817.88,122920,7,0
2022-12-21,1817.78,1823.79,1811.83,1814.13,81806,7,0
2022-12-22,1813.86,1820.45,1784.81,1792.51,94432,7,0
2022-12-23,1792.84,1803.2,1791.15,1798.0,81346,7,0
2022-12-27,1800.59,1833.29,1800.17,1813.86,77776,7,0
2022-12-28,1813.48,1814.5,1796.99,1804.0,77619,7,0
2022-12-29,1804.85,1820.16,1804.35,1815.01,73400,7,0
2022-12-30,1814.53,1825.94,1813.34,1824.51,77620,7,0
2023-01-03,1827.97,1849.94,1823.71,1839.48,119259,7,0
2023-01-04,1838.37,1865.11,1836.1,1854.12,120022,7,0
2023-01-05,1854.68,1859.01,1825.06,1833.22,109351,7,0
2023-01-06,1831.69,1869.84,1831.3,1865.97,98943,7,0
2023-01-09,1866.26,1881.59,1866.26,1871.51,98770,7,0
2023-01-10,1870.45,1880.72,1867.83,1877.26,91463,7,0
2023-01-11,1877.1,1886.62,1867.1,1876.31,84420,7,0
2023-01-12,1877.0,1901.54,1871.02,1897.1,109093,7,0
2023-01-13,1895.89,1921.86,1892.23,1920.39,103156,7,0
2023-01-16,1918.21,1928.95,1910.83,1914.42,65961,7,0
2023-01-17,1916.27,1918.99,1903.78,1908.33,96460,7,0
2023-01-18,1908.19,1925.84,1896.58,1903.74,118140,7,0
2023-01-19,1903.24,1935.15,1900.94,1931.53,106495,7,0
2023-01-20,1932.07,1937.51,1920.69,1926.83,90110,7,0
2023-01-23,1924.23,1935.52,1911.37,1931.31,87263,7,0
2023-01-24,1930.97,1942.43,1917.15,1937.34,90818,7,0
2023-01-25,1937.32,1948.07,1919.86,1946.07,86487,7,0
2023-01-26,1946.43,1949.15,1918.62,1929.41,97278,7,0
2023-01-27,1929.16,1935.02,1916.69,1927.94,81606,7,0
2023-01-30,1926.75,1934.49,1920.66,1922.76,101386,7,0
2023-01-31,1922.54,1931.12,1900.76,1927.82,108370,7,0
2023-02-01,1927.45,1954.51,1920.52,1950.39,114325,7,0
2023-02-02,1953.05,1959.72,1911.29,1912.49,137572,7,0
2023-02-03,1912.98,1918.54,1861.42,1865.71,134643,7,0
2023-02-06,1864.22,1881.25,1863.05,1867.32,109664,7,0
2023-02-07,1867.56,1884.37,1864.92,1873.91,124319,7,0
2023-02-08,1872.82,1886.3,1869.05,1875.58,97993,7,0
2023-02-09,1874.83,1890.24,1858.93,1861.6,105614,7,0
2023-02-10,1862.16,1872.22,1852.71,1864.81,110652,7,0
2023-02-13,1864.07,1866.55,1850.47,1853.54,86014,7,0
2023-02-14,1853.55,1870.56,1843.27,1854.48,117226,7,0
2023-02-15,1853.53,1860.07,1829.95,1836.45,103482,7,0
2023-02-16,1836.5,1845.3,1827.63,1837.42,105427,7,0
2023-02-17,1835.34,1843.59,1818.91,1841.89,101065,7,0
2023-02-20,1841.21,1847.45,1837.22,1841.33,50330,7,0
2023-02-21,1842.13,1843.83,1830.23,1834.6,100298,7,0
2023-02-22,1834.92,1846.04,1823.55,1824.99,98125,7,0
2023-02-23,1825.46,1833.74,1817.39,1822.61,92621,7,0
2023-02-24,1822.65,1827.79,1808.93,1810.72,102507,7,0
2023-02-27,1811.8,1820.14,1806.65,1817.16,93677,7,0
2023-02-28,1817.29,1831.13,1804.63,1827.13,94284,7,0
2023-03-01,1826.82,1844.6,1823.02,1837.09,102871,7,0
2023-03-02,1837.5,1839.01,1829.96,1835.98,99493,7,0
2023-03-03,1836.2,1856.36,1836.2,1855.03,84740,7,0
2023-03-06,1853.71,1858.24,1845.1,1846.86,79465,7,0
2023-03-07,1846.0,1851.61,1812.71,1813.47,103492,7,0
2023-03-08,1813.95,1824.25,1809.33,1813.55,89129,7,0
2023-03-09,1814.48,1835.59,1811.91,1830.82,87245,7,0
2023-03-10,1830.86,1870.13,1827.73,1868.04,138236,7,0
2023-03-13,1882.66,1914.56,1871.5,1913.69,198639,7,0
2023-03-14,1911.97,1914.11,1895.39,1903.5,149500,7,0
2023-03-15,1904.28,1937.35,1885.67,1917.98,175364,7,0
2023-03-16,1919.02,1933.48,1907.49,1919.71,155949,7,0
2023-03-17,1919.77,1987.76,1918.25,1984.73,153625,7,0
2023-03-20,1985.24,2009.75,1965.82,1978.61,174406,7,0
2023-03-21,1978.75,1985.16,1935.37,1939.84,117344,7,0
2023-03-22,1939.62,1978.81,1934.23,1967.18,124451,7,0
2023-03-23,1967.69,2003.31,1964.42,1993.51,136140,7,0
2023-03-24,1992.59,2002.96,1975.17,1976.78,132166,7,0
2023-03-27,1976.58,1978.69,1944.0,1955.78,105489,7,0
2023-03-28,1957.52,1975.29,1949.14,1973.51,94172,7,0
2023-03-29,1973.97,1974.3,1958.68,1963.39,89202,7,0
2023-03-30,1963.88,1984.28,1955.35,1980.48,99062,7,0
2023-03-31,1980.03,1987.52,1966.87,1968.81,106391,7,0
2023-04-03,1966.24,1990.51,1949.73,1983.94,109693,7,0
2023-04-04,1985.32,2024.96,1976.93,2020.82,113856,7,0
2023-04-05,2021.08,2032.07,2009.97,2020.4,106209,7,0
2023-04-06,2021.07,2021.32,2000.83,2007.15,99759,7,0
2023-04-10,1997.06,2006.4,1981.61,1991.46,80091,7,0
2023-04-11,1991.12,2007.45,1988.77,2003.1,88677,7,0
2023-04-12,2003.09,2028.33,2001.3,2014.67,105382,7,0
2023-04-13,2014.39,2048.68,2013.94,2040.6,101875,7,0
2023-04-14,2040.11,2047.38,1992.33,2004.18,104795,7,0
2023-04-17,2000.95,2015.03,1981.18,1994.77,97614,7,0
2023-04-18,1994.52,2011.82,1991.26,2004.74,83874,7,0
2023-04-19,2005.12,2008.19,1969.22,1994.93,113917,7,0
2023-04-20,1994.07,2012.28,1990.4,2004.3,91772,7,0
2023-04-21,2003.99,2005.56,1971.59,1983.18,92515,7,0
2023-04-24,1982.18,1990.83,1974.05,1989.35,91331,7,0
2023-04-25,1991.34,2003.85,1976.08,1996.35,118766,7,0
2023-04-26,1996.91,2009.3,1983.33,1988.95,124003,7,0
2023-04-27,1989.63,2003.22,1973.98,1987.5,102834,7,0
2023-04-28,1987.42,1994.95,1976.15,1989.27,108169,7,0
2023-05-01,1989.79,2006.0,1977.06,1981.67,89241,7,0
2023-05-02,1981.55,2019.34,1978.37,2016.23,100273,7,0
2023-05-03,2016.15,2038.0,2007.06,2037.75,110791,7,0
2023-05-04,2062.4,2062.82,2030.27,2050.37,145670,7,0
2023-05-05,2048.92,2052.97,1999.49,2016.47,103561,7,0
2023-05-08,2016.37,2029.35,2014.12,2021.12,76727,7,0
2023-05-09,2020.78,2037.6,2019.46,2034.52,109167,7,0
2023-05-10,2034.2,2048.16,2021.44,2031.0,103372,7,0
2023-05-11,2029.8,2041.21,2011.1,2014.55,129363,7,0
2023-05-12,2015.14,2022.52,2000.87,2010.81,110226,7,0
2023-05-15,2008.56,2022.18,2008.56,2015.87,82009,7,0
2023-05-16,2016.36,2018.37,1985.47,1989.25,98476,7,0
2023-05-17,1988.23,1993.05,1975.05,1981.96,112792,7,0
2023-05-18,1982.24,1985.95,1951.94,1957.36,101284,7,0
2023-05-19,1958.2,1984.15,1953.97,1977.06,121560,7,0
2023-05-22,1978.02,1982.57,1968.83,1971.81,92938,7,0
2023-05-23,1971.67,1977.69,1954.21,1974.64,110858,7,0
2023-05-24,1976.42,1985.2,1956.72,1957.81,104404,7,0
2023-05-25,1958.38,1964.7,1938.79,1940.21,102981,7,0
2023-05-26,1941.03,1957.26,1936.68,1946.73,94467,7,0
2023-05-29,1942.98,1949.68,1940.25,1943.69,46269,7,0
2023-05-30,1942.94,1963.53,1932.01,1959.8,102059,7,0
2023-05-31,1958.74,1974.72,1953.67,1963.06,102545,7,0
2023-06-01,1963.38,1983.09,1953.32,1977.76,95748,7,0
2023-06-02,1977.0,1983.39,1947.93,1947.98,95229,7,0
2023-06-05,1947.35,1964.04,1938.09,1961.27,113610,7,0
2023-06-06,1961.24,1966.38,1954.36,1963.03,124261,7,0
2023-06-07,1963.13,1970.17,1939.86,1940.51,88494,7,0
2023-06-08,1940.08,1970.47,1940.08,1965.55,88156,7,0
2023-06-09,1966.02,1972.94,1956.64,1960.82,72971,7,0
2023-06-12,1959.48,1966.93,1949.17,1956.79,81255,7,0
2023-06-13,1957.04,1971.09,1940.03,1943.18,96562,7,0
2023-06-14,1943.51,1960.12,1939.96,1940.4,102820,7,0
2023-06-15,1943.55,1960.27,1924.59,1957.88,117315,7,0
2023-06-16,1957.43,1967.88,1953.19,1957.76,111333,7,0
2023-06-19,1958.44,1958.73,1947.79,1950.34,51457,7,0
2023-06-20,1951.33,1956.77,1929.8,1935.65,103719,7,0
2023-06-21,1936.4,1939.48,1919.12,1932.1,102185,7,0
2023-06-22,1933.33,1934.93,1912.4,1912.93,93005,7,0
2023-06-23,1914.16,1937.32,1910.16,1919.73,95379,7,0
2023-06-26,1923.24,1933.33,1921.48,1923.35,91164,7,0
2023-06-27,1923.74,1930.68,1910.97,1913.29,95766,7,0
2023-06-28,1914.55,1917.19,1902.83,1906.88,91490,7,0
2023-06-29,1907.78,1913.07,1892.95,1908.3,103378,7,0
2023-06-30,1908.71,1922.75,1900.47,1918.83,97812,7,0
2023-07-03,1918.39,1931.03,1910.04,1921.62,81032,7,0
2023-07-04,1921.12,1930.74,1919.87,1925.72,48983,7,0
2023-07-05,1926.16,1935.07,1915.2,1915.28,95221,7,0
2023-07-06,1916.22,1927.69,1902.66,1910.81,101502,7,0
2023-07-07,1911.0,1934.85,1909.53,1925.35,100802,7,0
2023-07-10,1925.15,1928.17,1912.65,1925.32,87945,7,0
2023-07-11,1925.28,1938.42,1924.27,1932.01,84876,7,0
2023-07-12,1932.29,1959.66,1932.22,1957.82,101885,7,0
2023-07-13,1957.77,1963.56,1952.29,1960.36,100477,7,0
2023-07-14,1960.6,1963.75,1950.89,1955.1,96791,7,0
2023-07-17,1954.96,1959.86,1945.71,1954.95,80498,7,0
2023-07-18,1954.65,1984.37,1954.65,1978.52,103224,7,0
2023-07-19,1978.84,1980.91,1969.79,1977.04,94688,7,0
2023-07-20,1978.1,1987.46,1965.3,1969.6,92505,7,0
2023-07-21,1970.39,1973.78,1956.76,1961.72,86211,7,0
2023-07-24,1962.36,1967.84,1953.44,1954.74,82218,7,0
2023-07-25,1955.11,1965.65,1951.38,1964.98,79135,7,0
2023-07-26,1964.73,1978.3,1961.99,1972.14,92063,7,0
2023-07-27,1971.11,1982.2,1942.56,1944.9,100146,7,0
2023-07-28,1946.58,1963.56,1945.37,1959.0,105770,7,0
2023-07-31,1959.72,1972.41,1950.43,1965.38,81441,7,0
2023-08-01,1965.74,1966.02,1941.27,1944.18,82648,7,0
2023-08-02,1950.12,1954.73,1932.85,1934.87,88945,7,0
2023-08-03,1935.38,1938.97,1929.45,1934.24,87279,7,0
2023-08-04,1934.76,1946.81,1925.41,1942.75,84843,7,0
2023-08-07,1942.53,1946.66,1931.46,1936.34,64819,7,0
2023-08-08,1936.52,1938.02,1922.74,1924.72,78825,7,0
2023-08-09,1924.94,1932.34,1914.01,1914.41,67617,7,0
2023-08-10,1915.37,1930.09,1912.46,1912.48,83954,7,0
2023-08-11,1912.61,1920.95,1910.75,1913.34,68626,7,0
2023-08-14,1913.85,1916.19,1902.71,1907.26,71165,7,0
2023-08-15,1907.19,1911.55,1895.96,1901.69,90615,7,0
2023-08-16,1901.88,1907.17,1891.78,1892.53,77650,7,0
2023-08-17,1894.21,1903.39,1884.94,1888.89,86339,7,0
2023-08-18,1889.53,1896.73,1886.74,1889.45,69725,7,0
2023-08-21,1889.52,1898.74,1884.84,1894.63,77899,7,0
2023-08-22,1894.65,1904.5,1889.1,1897.48,74722,7,0
2023-08-23,1897.86,1920.31,1897.58,1914.86,81131,7,0
2023-08-24,1916.91,1923.32,1911.78,1917.01,78127,7,0
2023-08-25,1916.86,1922.32,1903.72,1914.74,79566,7,0
2023-08-28,1915.67,1926.02,1912.78,1919.93,63711,7,0
2023-08-29,1920.2,1938.14,1914.4,1937.83,76126,7,0
2023-08-30,1937.05,1949.09,1934.96,1942.76,79022,7,0
2023-08-31,1943.83,1947.85,1938.95,1939.84,73291,7,0
2023-09-01,1940.07,1952.91,1934.42,1939.51,108588,0,0
2023-09-04,1940.28,1946.37,1936.79,1938.35,54033,0,0
2023-09-05,1938.74,1938.98,1925.3,1925.89,102261,0,0
2023-09-06,1926.38,1929.2,1915.27,1916.0,99624,0,0
2023-09-07,1917.33,1923.59,1916.18,1919.57,88396,0,0
2023-09-08,1919.38,1929.71,1917.32,1919.22,85946,0,0
2023-09-11,1919.7,1930.68,1916.69,1922.47,101127,0,0
2023-09-12,1922.83,1924.45,1907.56,1913.35,101328,0,0
2023-09-13,1913.4,1915.76,1905.58,1908.3,114742,0,0
2023-09-14,1909.03,1912.87,1900.98,1910.17,120388,0,0
2023-09-15,1910.73,1930.4,1909.77,1923.38,121620,0,0
2023-09-18,1924.09,1934.21,1922.49,1933.28,94264,0,0
2023-09-19,1933.78,1937.39,1929.71,1931.14,81640,0,0
2023-09-20,1932.36,1947.41,1927.87,1929.43,106762,0,0
2023-09-21,1929.79,1931.56,1913.89,1919.87,112698,0,0
2023-09-22,1919.77,1929.03,1919.77,1925.22,89752,0,0
2023-09-25,1926.15,1927.15,1915.08,1915.86,85652,0,0
2023-09-26,1916.21,1916.8,1899.07,1900.36,94448,0,0
2023-09-27,1900.8,1903.85,1872.48,1875.66,108905,0,0
2023-09-28,1876.61,1879.55,1857.58,1864.71,121446,0,0
2023-09-29,1865.02,1879.78,1846.3,1849.12,123080,0,0
2023-10-02,1847.38,1848.92,1827.06,1827.97,119491,0,0
2023-10-03,1828.86,1833.31,1815.02,1823.42,142829,0,0
2023-10-04,1823.68,1830.51,1816.55,1820.6,143546,0,0
2023-10-05,1821.84,1829.12,1812.93,1820.13,121292,0,0
2023-10-06,1820.79,1834.8,1810.37,1831.92,131242,0,0
2023-10-09,1853.33,1863.46,1844.19,1860.88,155318,0,0
2023-10-10,1861.17,1865.41,1853.0,1859.86,171088,0,0
2023-10-11,1860.25,1877.13,1858.61,1873.49,169460,0,0
2023-10-12,1874.27,1884.96,1867.86,1868.84,163728,0,0
2023-10-13,1869.21,1930.76,1869.2,1929.58,164130,0,0
2023-10-16,1927.63,1927.63,1908.14,1919.73,113912,0,0
2023-10-17,1919.82,1931.52,1912.33,1923.07,120186,0,0
2023-10-18,1923.34,1962.59,1923.27,1948.53,149792,0,0
2023-10-19,1947.5,1977.69,1945.19,1974.56,160019,0,0
2023-10-20,1973.09,1997.13,1971.96,1980.23,159815,0,0
2023-10-23,1972.75,1982.8,1964.31,1972.48,141983,0,0
2023-10-24,1973.44,1980.81,1953.57,1971.44,138294,0,0
2023-10-25,1969.95,1987.18,1962.89,1979.09,119915,0,0
2023-10-26,1980.63,1993.41,1971.68,1984.55,136441,0,0
2023-10-27,1983.78,2009.33,1976.83,2005.22,132486,0,0
2023-10-30,2002.99,2006.73,1990.85,1996.3,124847,0,0
2023-10-31,1995.8,2007.72,1978.75,1983.69,127118,0,0
2023-11-01,1983.63,1992.05,1969.85,1980.08,128234,0,0
2023-11-02,1982.25,1991.03,1978.82,1985.44,110163,0,0
2023-11-03,1986.02,2004.03,1983.2,1992.31,115257,0,0
2023-11-06,1991.36,1993.03,1977.28,1977.95,100636,0,0
2023-11-07,1978.16,1978.28,1956.67,1968.65,111936,0,0
2023-11-08,1969.16,1971.01,1947.41,1949.95,108540,0,0
2023-11-09,1950.83,1965.53,1944.59,1958.27,120962,0,0
2023-11-10,1958.18,1960.75,1932.93,1937.03,115087,0,0
2023-11-13,1940.31,1949.16,1919.39,1946.01,111403,0,0
2023-11-14,1946.16,1970.81,1943.77,1962.93,117949,0,0
2023-11-15,1962.65,1975.15,1955.4,1959.32,131298,0,0
2023-11-16,1960.38,1987.94,1956.51,1981.07,123403,0,0
2023-11-17,1981.26,1993.4,1978.63,1980.22,121650,0,0
2023-11-20,1977.55,1985.18,1965.29,1977.45,138994,0,0
2023-11-21,1978.55,2007.51,1978.38,1998.48,150767,0,0
2023-11-22,1998.57,2006.28,1986.89,1989.88,136185,0,0
2023-11-23,1989.86,1998.48,1989.64,1992.37,64270,0,0
2023-11-24,1993.18,2003.6,1991.43,2002.16,90385,0,0
2023-11-27,2001.13,2018.09,2000.48,2013.91,133464,0,0
2023-11-28,2013.26,2042.95,2011.69,2040.93,131271,0,0
2023-11-29,2041.06,2051.94,2035.41,2044.62,143009,0,0
2023-11-30,2044.84,2047.18,2030.98,2035.89,126777,0,0
2023-12-01,2037.53,2075.31,2033.85,2071.16,144324,0,0
2023-12-04,2074.33,2144.76,2020.09,2029.86,187244,0,0
2023-12-05,2029.68,2041.17,2009.79,2019.61,133166,0,0
2023-12-06,2019.34,2035.79,2017.23,2025.0,95605,7,0
2023-12-07,2026.07,2039.89,2020.21,2028.63,99812,7,0
2023-12-08,2028.79,2033.93,1994.64,2003.4,110084,7,0
2023-12-11,2005.39,2007.73,1975.86,1981.49,91275,7,0
2023-12-12,1982.46,1996.74,1977.2,1979.68,87592,7,0
2023-12-13,1980.07,2027.42,1973.02,2026.53,89306,7,0
2023-12-14,2024.9,2047.9,2024.56,2035.75,135334,7,0
2023-12-15,2036.44,2044.87,2015.57,2018.23,102817,7,0
2023-12-18,2019.6,2033.6,2015.93,2027.19,75191,7,0
2023-12-19,2027.85,2047.02,2021.63,2040.34,76197,7,0
2023-12-20,2039.96,2043.41,2027.42,2029.42,77456,7,0
2023-12-21,2032.16,2045.95,2031.49,2045.77,79077,7,0
2023-12-22,2047.27,2070.57,2046.82,2053.06,91780,7,0
2023-12-26,2057.23,2068.98,2053.46,2066.78,52352,7,0
2023-12-27,2067.7,2084.4,2061.43,2077.29,70573,7,0
2023-12-28,2077.96,2088.38,2064.57,2064.98,80010,7,0
2023-12-29,2066.76,2074.73,2058.24,2062.57,78736,7,0
2024-01-02,2065.03,2078.87,2055.92,2058.94,93411,7,0
2024-01-03,2059.09,2065.89,2030.6,2041.04,109927,7,0
2024-01-04,2042.23,2050.9,2036.22,2043.47,129340,7,0
2024-01-05,2043.11,2063.96,2024.36,2045.7,144346,7,0
2024-01-08,2044.56,2046.57,2016.76,2028.04,132116,7,0
2024-01-09,2028.43,2041.9,2026.08,2029.86,124732,7,0
2024-01-10,2030.64,2040.21,2020.47,2023.7,120698,7,0
2024-01-11,2025.07,2039.57,2013.28,2028.13,143533,7,0
2024-01-12,2029.28,2062.23,2029.23,2048.87,138379,7,0
2024-01-15,2047.96,2058.61,2045.76,2054.61,78743,7,0
2024-01-16,2055.11,2055.57,2024.25,2027.65,150931,7,0
2024-01-17,2027.8,2032.89,2001.85,2005.87,151292,7,0
2024-01-18,2006.9,2023.27,2005.74,2022.79,132303,7,0
2024-01-19,2024.06,2039.41,2020.42,2029.45,119187,7,0
2024-01-22,2028.68,2032.13,2016.54,2021.03,118426,7,0
2024-01-23,2021.73,2037.74,2019.61,2028.7,122081,7,0
2024-01-24,2029.28,2036.67,2011.14,2012.62,133485,7,0
2024-01-25,2015.79,2025.18,2009.02,2019.88,109728,7,0
2024-01-26,2019.88,2026.71,2015.94,2018.57,105061,7,0
2024-01-29,2023.45,2037.6,2019.25,2032.03,108676,7,0
2024-01-30,2032.68,2048.61,2029.06,2036.38,105272,7,0
2024-01-31,2036.51,2055.98,2030.81,2037.42,141696,7,0
2024-02-01,2040.17,2065.35,2029.99,2055.06,144969,7,0
2024-02-02,2054.42,2057.62,2027.63,2038.64,103512,7,0
2024-02-05,2041.52,2042.14,2014.91,2024.89,128072,7,0
2024-02-06,2025.38,2038.91,2022.87,2035.68,101951,7,0
2024-02-07,2035.75,2044.58,2030.6,2034.35,108168,7,0
2024-02-08,2035.42,2038.7,2020.15,2033.43,111754,7,0
2024-02-09,2034.78,2037.21,2020.33,2024.3,102562,7,0
2024-02-12,2026.48,2027.56,2011.89,2019.82,91820,7,0
2024-02-13,2019.69,2032.36,1990.14,1992.41,106724,0,0
2024-02-14,1992.06,1996.1,1984.19,1992.45,112746,7,0
2024-02-15,1993.26,2008.28,1990.2,2004.21,106150,7,0
2024-02-16,2004.54,2015.17,1995.05,2013.15,105459,7,0
2024-02-19,2011.81,2022.94,2011.78,2017.99,61377,7,0
2024-02-20,2017.0,2030.91,2015.01,2023.76,92481,7,0
2024-02-21,2024.31,2032.23,2019.95,2025.24,109910,7,0
2024-02-22,2026.14,2034.8,2019.6,2024.28,104894,7,0
2024-02-23,2024.37,2041.34,2016.02,2035.81,100983,7,0
2024-02-26,2033.15,2036.99,2025.08,2030.91,92640,7,0
2024-02-27,2030.93,2039.45,2028.76,2030.0,85373,7,0
2024-02-28,2029.9,2037.84,2024.49,2034.82,90187,7,0
2024-02-29,2035.28,2050.76,2028.08,2043.48,101110,7,0
2024-03-01,2043.35,2088.29,2039.01,2083.54,122982,7,0
2024-03-04,2082.84,2119.88,2079.44,2115.16,110771,7,0
2024-03-05,2114.06,2141.78,2110.43,2127.84,130096,7,0
2024-03-06,2127.48,2152.18,2123.67,2148.4,121489,7,0
2024-03-07,2147.67,2164.68,2144.13,2159.39,120421,7,0
2024-03-08,2158.96,2195.16,2153.96,2177.8,136252,7,0
2024-03-11,2178.2,2188.96,2174.85,2182.79,99864,7,0
2024-03-12,2181.93,2184.72,2150.59,2158.39,117783,7,0
2024-03-13,2158.53,2179.84,2155.74,2174.63,103026,7,0
2024-03-14,2174.09,2176.94,2152.78,2162.04,103151,7,0
2024-03-15,2162.27,2172.7,2155.16,2156.07,98359,7,0
2024-03-18,2153.49,2163.59,2146.05,2159.48,95178,7,0
2024-03-19,2160.17,2162.82,2147.11,2157.68,94821,7,0
2024-03-20,2157.9,2188.8,2149.59,2185.75,101267,7,0
2024-03-21,2187.12,2222.7,2166.41,2180.78,147780,7,0
2024-03-22,2182.14,2186.04,2157.13,2164.96,115464,7,0
2024-03-25,2166.27,2181.3,2163.55,2171.11,101761,7,0
2024-03-26,2171.75,2200.05,2167.56,2176.52,108959,7,0
2024-03-27,2178.63,2197.61,2173.05,2194.8,96701,7,0
2024-03-28,2192.01,2236.25,2187.35,2229.47,122604,7,0
2024-04-01,2239.37,2265.66,2228.5,2249.33,130134,7,0
2024-04-02,2249.77,2281.06,2246.67,2280.3,141814,7,0
2024-04-03,2281.44,2300.11,2265.51,2299.83,145220,7,0
2024-04-04,2299.64,2305.55,2279.97,2289.5,128761,7,0
2024-04-05,2291.77,2330.3,2267.74,2328.89,151657,7,0
2024-04-08,2320.81,2354.08,2302.86,2338.46,178255,7,0
2024-04-09,2337.64,2365.29,2337.2,2353.71,156281,7,0
2024-04-10,2352.79,2360.06,2319.36,2332.49,163511,0,0
2024-04-11,2334.32,2377.63,2325.69,2377.09,169555,7,0
2024-04-12,2373.94,2431.43,2333.78,2343.85,214301,9,0
2024-04-15,2359.91,2387.47,2324.24,2381.53,207749,7,0
2024-04-16,2382.74,2398.22,2362.98,2383.33,194742,9,0
2024-04-17,2383.49,2395.57,2361.06,2371.07,180679,9,0
2024-04-18,2365.33,2392.73,2363.71,2377.28,163044,9,0
2024-04-19,2379.49,2417.81,2372.87,2390.33,196834,7,0
2024-04-22,2384.24,2388.52,2325.01,2327.91,160618,9,0
2024-04-23,2330.31,2334.39,2291.33,2322.32,172224,9,0
2024-04-24,2322.19,2337.25,2311.76,2314.08,142389,9,0
2024-04-25,2317.58,2344.79,2305.11,2332.15,139570,9,0
2024-04-26,2332.56,2352.48,2326.28,2336.59,129377,7,0
2024-04-29,2333.81,2346.68,2319.88,2336.85,148453,9,0
2024-04-30,2336.03,2336.29,2285.12,2285.74,143138,7,0
2024-05-01,2288.19,2328.33,2281.61,2319.86,139177,9,0
2024-05-02,2320.22,2326.38,2285.47,2302.85,141312,9,0
2024-05-03,2305.18,2320.52,2277.31,2303.29,129235,0,0
2024-05-06,2302.31,2332.0,2291.81,2325.49,127616,9,0
2024-05-07,2325.25,2329.85,2309.9,2313.4,114010,7,0
2024-05-08,2315.11,2321.38,2303.63,2308.85,112082,9,0
2024-05-09,2310.13,2347.22,2306.55,2345.05,121060,9,0
2024-05-10,2346.18,2378.38,2345.26,2360.25,136736,9,0
2024-05-13,2361.48,2364.44,2332.07,2335.84,118725,9,0
2024-05-14,2337.33,2359.58,2334.78,2357.66,124334,9,0
2024-05-15,2357.26,2390.23,2351.85,2386.94,150536,9,0
2024-05-16,2387.67,2397.26,2370.95,2376.18,147188,9,0
2024-05-17,2378.06,2422.69,2373.93,2415.56,136857,9,0
2024-05-20,2425.31,2450.01,2407.31,2424.61,178769,9,0
2024-05-21,2427.17,2433.87,2406.13,2421.26,165845,9,0
2024-05-22,2421.22,2426.46,2374.98,2378.49,168356,9,0
2024-05-23,2379.37,2383.65,2326.99,2327.89,173164,7,0
2024-05-24,2329.43,2347.36,2325.36,2334.32,127884,9,0
2024-05-27,2335.93,2358.44,2332.28,2350.79,96643,9,0
2024-05-28,2352.44,2364.06,2340.3,2360.29,142981,9,0
2024-05-29,2361.75,2361.8,2334.53,2337.44,138868,14,0
2024-05-30,2338.61,2351.8,2322.54,2341.99,157585,14,0
2024-05-31,2343.5,2359.66,2320.58,2329.44,160883,14,0
2024-06-03,2328.67,2354.68,2314.73,2350.29,151468,14,0
2024-06-04,2351.34,2352.78,2315.61,2326.66,156961,15,0
2024-06-05,2328.05,2357.35,2325.85,2354.05,136535,14,0
2024-06-06,2355.69,2378.49,2353.52,2373.46,150978,15,0
2024-06-07,2376.32,2387.66,2286.73,2294.0,179377,0,0
2024-06-10,2290.05,2313.73,2287.72,2309.9,123030,15,0
2024-06-11,2310.76,2319.84,2297.69,2315.79,135241,15,0
2024-06-12,2316.62,2341.56,2310.66,2323.9,110415,16,0
2024-06-13,2324.5,2326.58,2295.54,2303.82,90253,13,0
2024-06-14,2303.72,2336.54,2301.46,2332.18,92526,20,0
2024-06-17,2331.02,2331.38,2310.01,2318.72,80229,15,0
2024-06-18,2320.15,2333.11,2306.57,2329.06,80414,15,0
2024-06-19,2328.78,2334.95,2323.74,2328.27,49298,15,0
2024-06-20,2329.22,2365.43,2327.71,2358.9,82376,15,0
2024-06-21,2359.33,2368.67,2316.66,2321.36,86736,9,0
2024-06-24,2321.06,2334.62,2317.68,2332.93,83257,15,0
2024-06-25,2333.87,2337.03,2315.45,2318.79,91946,10,0
2024-06-26,2319.94,2323.87,2293.6,2297.83,103807,11,0
2024-06-27,2298.65,2330.91,2296.5,2327.32,111640,15,0
2024-06-28,2327.0,2339.75,2319.05,2325.49,127062,10,0
2024-07-01,2323.04,2338.46,2318.49,2332.01,126357,8,0
2024-07-02,2331.86,2336.74,2319.02,2329.22,116441,13,0
2024-07-03,2330.2,2364.91,2326.83,2356.12,126162,12,0
2024-07-04,2356.12,2362.41,2350.45,2356.7,74573,16,0
2024-07-05,2356.82,2392.85,2350.57,2391.1,136456,9,0
2024-07-08,2389.43,2391.05,2351.04,2358.44,133791,15,0
2024-07-09,2358.9,2371.43,2349.39,2364.1,127911,13,0
2024-07-10,2363.54,2386.64,2363.07,2370.83,113408,12,0
2024-07-11,2371.85,2424.51,2371.13,2413.92,136491,8,0
2024-07-12,2413.19,2418.25,2391.41,2411.6,134258,9,0
2024-07-15,2411.88,2439.65,2401.31,2421.13,168618,13,0
2024-07-16,2421.97,2469.62,2420.0,2468.8,186775,14,0
2024-07-17,2467.73,2483.67,2451.43,2458.39,238915,9,0
2024-07-18,2458.58,2474.88,2440.33,2444.68,188015,14,0
2024-07-19,2444.76,2445.31,2393.79,2398.46,209879,8,0
2024-07-22,2403.8,2412.14,2383.78,2396.62,178740,14,0
2024-07-23,2397.62,2411.96,2388.25,2408.2,164689,9,0
2024-07-24,2408.65,2431.96,2397.06,2399.43,178832,8,0
2024-07-25,2397.64,2401.19,2353.06,2363.35,261295,9,0
2024-07-26,2364.3,2390.75,2355.77,2388.01,181331,10,0
2024-07-29,2388.05,2403.13,2369.63,2382.31,184645,14,0
2024-07-30,2382.3,2412.7,2376.58,2410.58,166999,10,0
2024-07-31,2410.9,2450.9,2403.85,2447.02,202654,8,0
2024-08-01,2447.58,2461.85,2430.22,2444.48,216156,9,0
2024-08-02,2447.13,2477.63,2410.77,2440.07,257700,0,0
2024-08-05,2440.24,2458.76,2364.3,2409.72,340084,9,0
2024-08-06,2411.12,2418.31,2381.57,2387.76,259310,12,0
2024-08-07,2390.05,2407.04,2379.01,2382.59,211487,8,0
2024-08-08,2381.38,2426.31,2380.97,2425.64,220879,12,0
2024-08-09,2426.67,2436.98,2416.86,2430.55,169804,9,0
2024-08-12,2428.17,2472.26,2423.81,2471.9,150327,14,0
2024-08-13,2470.29,2476.87,2458.42,2465.32,180505,8,0
2024-08-14,2466.2,2479.86,2438.06,2448.02,198263,9,0
2024-08-15,2448.17,2470.01,2432.15,2455.37,190028,9,0
2024-08-16,2455.85,2509.7,2450.69,2508.2,191837,9,0
2024-08-19,2505.89,2507.46,2485.6,2503.95,192805,9,0
2024-08-20,2503.68,2531.61,2497.3,2515.7,186191,8,0
2024-08-21,2513.85,2519.92,2493.39,2511.35,174969,14,0
2024-08-22,2512.14,2514.61,2470.73,2484.2,188206,13,0
2024-08-23,2485.27,2518.31,2484.22,2510.93,184445,9,0
2024-08-26,2511.93,2526.77,2508.69,2517.64,185124,14,0
2024-08-27,2517.64,2525.93,2503.49,2524.26,173249,9,0
2024-08-28,2525.22,2528.96,2493.56,2504.52,162074,14,0
2024-08-29,2506.12,2528.63,2503.6,2521.07,162288,14,0
2024-08-30,2520.67,2526.8,2494.12,2503.28,168043,14,0
2024-09-02,2502.75,2507.24,2490.04,2499.93,105154,14,0
2024-09-03,2499.31,2506.24,2473.48,2492.12,180867,14,0
2024-09-04,2492.65,2500.25,2471.83,2495.44,164460,8,0
2024-09-05,2495.27,2523.46,2493.81,2516.42,172509,14,0
2024-09-06,2516.23,2529.11,2485.1,2496.78,206043,14,0
2024-09-09,2496.94,2507.11,2485.54,2506.33,185037,9,0
2024-09-10,2506.63,2518.37,2500.1,2516.53,168697,11,0
2024-09-11,2516.68,2529.01,2500.84,2512.4,203844,14,0
2024-09-12,2512.29,2560.03,2510.99,2559.12,203539,9,0
2024-09-13,2558.3,2586.0,2556.62,2580.58,202293,14,0
2024-09-16,2578.71,2589.61,2575.22,2582.72,150629,10,0
2024-09-17,2582.49,2586.88,2560.74,2569.58,176011,8,0
2024-09-18,2570.19,2600.12,2546.77,2557.64,224952,11,0
2024-09-19,2558.88,2594.82,2551.04,2587.07,238225,14,0
2024-09-20,2586.39,2625.73,2584.77,2621.92,209693,12,0
2024-09-23,2621.01,2634.84,2613.84,2627.59,184061,12,0
2024-09-24,2626.98,2664.28,2622.59,2657.18,230026,8,0
2024-09-25,2658.59,2670.51,2649.62,2657.6,207024,8,0
2024-09-26,2658.04,2685.54,2654.8,2672.52,222353,12,0
2024-09-27,2672.08,2674.28,2643.05,2654.56,234457,14,0
2024-09-30,2661.6,2665.95,2624.62,2633.38,225773,12,0
2024-10-01,2633.55,2673.11,2633.16,2662.69,186366,8,0
2024-10-02,2661.79,2663.32,2641.09,2658.66,168680,14,0
2024-10-03,2658.8,2662.83,2637.23,2656.16,183316,14,0
2024-10-04,2655.89,2670.11,2631.96,2652.45,183429,11,0
2024-10-07,2651.59,2659.61,2637.73,2642.68,167494,14,0
2024-10-08,2642.0,2652.99,2604.7,2621.06,244689,9,0
2024-10-09,2621.72,2624.27,2605.11,2607.81,182375,14,0
2024-10-10,2607.7,2631.47,2602.37,2629.1,202921,14,0
2024-10-11,2628.47,2661.35,2628.11,2656.93,175976,14,0
2024-10-14,2649.67,2666.77,2643.12,2646.65,155069,8,0
2024-10-15,2649.11,2668.88,2638.02,2662.8,192549,14,0
2024-10-16,2662.2,2685.34,2658.65,2673.26,186580,14,0
2024-10-17,2674.52,2696.7,2673.11,2691.98,201567,14,0
2024-10-18,2692.97,2722.04,2692.26,2721.42,205217,14,0
2024-10-21,2722.91,2740.55,2714.14,2719.54,216139,14,0
2024-10-22,2719.27,2748.82,2719.08,2748.23,192293,14,0
2024-10-23,2747.05,2758.41,2708.71,2715.71,216107,14,0
2024-10-24,2716.31,2743.23,2715.7,2735.8,192056,14,0
2024-10-25,2735.88,2745.99,2717.0,2745.49,164901,18,0
2024-10-28,2733.74,2745.88,2724.64,2742.62,163372,15,0
2024-10-29,2741.28,2774.7,2739.82,2773.63,182128,14,0
2024-10-30,2773.32,2789.91,2770.84,2787.68,183522,14,0
2024-10-31,2786.3,2790.02,2731.52,2744.16,190138,15,0
2024-11-01,2745.23,2762.11,2733.12,2734.62,191722,18,0
2024-11-04,2731.95,2748.13,2731.65,2736.48,164405,15,0
2024-11-05,2737.26,2749.87,2724.66,2743.71,160841,15,0
2024-11-06,2743.01,2749.56,2652.3,2659.28,318583,19,0
2024-11-07,2662.12,2710.21,2643.13,2707.07,223262,18,0
2024-11-08,2704.17,2710.28,2680.25,2683.76,192208,11,0
2024-11-11,2683.36,2686.05,2610.6,2620.15,192954,17,0
2024-11-12,2621.09,2627.06,2589.63,2597.27,209534,11,0
2024-11-13,2597.91,2618.74,2572.94,2573.69,198878,15,0
2024-11-14,2573.99,2581.41,2536.75,2566.31,229990,16,0
2024-11-15,2566.43,2575.95,2554.44,2561.45,193601,12,0
2024-11-18,2567.66,2615.02,2567.66,2612.11,188463,18,0
2024-11-19,2610.5,2639.36,2610.38,2631.72,200717,18,0
2024-11-20,2632.37,2655.33,2618.78,2650.01,172151,16,0
2024-11-21,2649.77,2673.48,2648.79,2669.66,175260,15,0
2024-11-22,2669.58,2712.77,2668.04,2712.73,216755,15,0
2024-11-25,2710.91,2721.3,2615.54,2625.23,272125,18,0
2024-11-26,2627.45,2641.89,2605.21,2632.12,230208,18,0
2024-11-27,2631.17,2658.14,2627.0,2635.71,187777,18,0
2024-11-28,2637.65,2649.61,2620.92,2637.68,117106,18,0
2024-11-29,2638.83,2666.21,2633.98,2650.26,179267,18,0
2024-12-02,2648.7,2651.73,2621.83,2638.68,230649,17,0
2024-12-03,2638.86,2655.59,2634.0,2643.19,167894,18,0
2024-12-04,2642.38,2657.11,2632.35,2649.59,178356,18,0
2024-12-05,2649.07,2655.51,2623.46,2631.86,173049,18,0
2024-12-06,2631.82,2645.55,2613.48,2632.74,181720,18,0
2024-12-09,2643.17,2676.36,2627.41,2658.62,174345,18,0
2024-12-10,2660.85,2695.47,2657.84,2693.56,176560,16,0
2024-12-11,2695.04,2721.09,2674.69,2717.81,234298,0,0
2024-12-12,2717.47,2726.06,2675.01,2681.23,208973,0,0
2024-12-13,2680.42,2692.64,2646.02,2648.67,221774,17,0
2024-12-16,2648.79,2664.3,2643.44,2652.6,172561,19,0
2024-12-17,2651.99,2658.57,2632.99,2645.48,192572,15,0
2024-12-18,2646.68,2651.63,2586.58,2587.7,207447,15,0
2024-12-19,2587.29,2626.29,2586.33,2593.74,236235,27,0
2024-12-20,2594.1,2631.75,2589.49,2621.28,202866,15,0
2024-12-23,2622.46,2633.23,2608.08,2612.77,165978,28,0
2024-12-24,2614.52,2621.34,2610.1,2616.17,122696,28,0
2024-12-26,2615.85,2639.01,2614.59,2634.15,134036,28,0
2024-12-27,2631.9,2638.06,2611.52,2619.93,149387,28,0
2024-12-30,2621.49,2627.84,2596.0,2606.04,164441,20,0
2024-12-31,2605.82,2627.33,2602.47,2623.98,148729,28,0
2025-01-02,2625.04,2660.31,2621.54,2657.07,199166,13,0
2025-01-03,2657.7,2665.19,2636.61,2639.13,172680,28,0
2025-01-06,2639.6,2649.31,2614.47,2635.86,215167,27,0
2025-01-07,2635.67,2664.12,2632.78,2649.49,162472,28,0
2025-01-08,2648.41,2669.86,2645.12,2661.79,118780,22,0
2025-01-09,2662.17,2678.05,2655.42,2669.56,95278,22,0
2025-01-10,2670.32,2697.75,2664.01,2689.29,139758,22,0
2025-01-13,2689.47,2693.34,2656.66,2662.24,137792,14,0
2025-01-14,2664.21,2677.88,2659.83,2676.75,126198,23,0
2025-01-15,2676.71,2697.24,2669.21,2695.37,122006,22,0
2025-01-16,2696.26,2724.66,2689.7,2713.58,135424,22,0
2025-01-17,2714.06,2717.34,2699.18,2701.71,129137,22,0
2025-01-20,2701.11,2713.74,2689.34,2706.11,121375,22,0
2025-01-21,2707.91,2745.86,2702.59,2744.77,152828,23,0
2025-01-22,2743.55,2763.32,2741.84,2755.34,130877,22,0
2025-01-23,2755.32,2758.77,2735.84,2753.71,137426,22,0
2025-01-24,2753.85,2785.89,2753.59,2770.82,141666,22,0
2025-01-27,2765.67,2772.48,2730.4,2741.0,157377,22,0
2025-01-28,2740.93,2764.92,2734.73,2763.24,117224,22,0
2025-01-29,2763.1,2766.06,2744.8,2757.37,138149,22,0
2025-01-30,2758.34,2798.3,2758.25,2793.26,136350,22,0
2025-01-31,2793.11,2817.05,2791.0,2800.41,154559,22,0
2025-02-03,2801.8,2830.58,2772.07,2814.62,192533,22,0
2025-02-04,2813.35,2845.4,2807.17,2841.51,163386,22,0
2025-02-05,2841.22,2882.2,2839.66,2865.18,144153,19,0
2025-02-06,2867.5,2873.21,2834.07,2856.42,120849,13,0
2025-02-07,2855.99,2886.75,2852.46,2860.67,116311,19,0
2025-02-10,2861.42,2911.4,2860.17,2907.42,125707,16,0
2025-02-11,2911.81,2942.54,2881.76,2898.54,147234,19,0
2025-02-12,2897.83,2909.09,2864.04,2903.43,126408,19,0
2025-02-13,2904.66,2929.3,2900.39,2928.98,126396,13,0
2025-02-14,2928.1,2940.01,2877.03,2882.91,147729,19,0
2025-02-17,2893.54,2906.32,2878.81,2899.08,98577,13,0
2025-02-18,2898.94,2936.82,2891.91,2935.44,103245,16,0
2025-02-19,2935.14,2947.0,2918.61,2932.5,124082,18,0
2025-02-20,2933.64,2954.83,2924.06,2938.83,120550,19,0
2025-02-21,2939.55,2949.7,2916.68,2935.38,118696,19,0
2025-02-24,2939.55,2956.15,2921.32,2951.37,124176,19,0
2025-02-25,2952.82,2953.26,2888.22,2915.04,136224,17,0
2025-02-26,2915.91,2930.1,2890.73,2916.53,115521,19,0
2025-02-27,2915.57,2920.72,2867.73,2877.17,136510,20,0
2025-02-28,2876.5,2885.05,2832.58,2858.42,132230,20,0
2025-03-03,2873.06,2895.13,2858.88,2893.7,125385,21,0
2025-03-04,2892.68,2927.74,2881.81,2917.32,124805,23,0
2025-03-05,2917.7,2929.83,2894.28,2918.43,138867,23,0
2025-03-06,2918.34,2926.48,2891.22,2910.21,131857,21,0
2025-03-07,2912.61,2930.35,2896.79,2911.17,139727,23,0
2025-03-10,2912.26,2918.23,2880.18,2888.09,137327,19,0
2025-03-11,2889.33,2921.98,2880.27,2915.85,117080,19,0
2025-03-12,2915.19,2940.4,2906.03,2932.56,122880,21,0
2025-03-13,2934.97,2988.11,2932.85,2987.91,123133,21,0
2025-03-14,2984.2,3004.9,2978.43,2987.46,122089,21,0
2025-03-17,2987.57,3001.61,2982.2,3001.08,102390,21,0
2025-03-18,3001.02,3038.22,2999.29,3033.94,113752,21,0
2025-03-19,3033.69,3052.07,3022.78,3046.64,111944,21,0
2025-03-20,3048.44,3057.38,3025.68,3044.41,119060,21,0
2025-03-21,3044.9,3047.41,2999.36,3022.95,112698,21,0
